,files,target
0,Front_CAM_J_P1_003.jpg,J
1,Front_CAM_J_P1_002.jpg,J
2,Front_CAM_J_P1_001.jpg,J
3,Front_CAM_K_P4_008.jpg,K
4,Front_CAM_K_P4_007.jpg,K
5,Front_CAM_K_P4_006.jpg,K
6,Front_CAM_K_P4_005.jpg,K
7,Front_CAM_K_P4_004.jpg,K
8,Front_CAM_K_P4_003.jpg,K
9,Front_CAM_K_P4_002.jpg,K
10,Front_CAM_K_P4_001.jpg,K
11,Front_CAM_K_P3_008.jpg,K
12,Front_CAM_K_P3_007.jpg,K
13,Front_CAM_K_P3_006.jpg,K
14,Front_CAM_K_P3_005.jpg,K
15,Front_CAM_K_P3_004.jpg,K
16,Front_CAM_K_P3_003.jpg,K
17,Front_CAM_K_P3_002.jpg,K
18,Front_CAM_K_P3_001.jpg,K
19,Front_CAM_K_P2_008.jpg,K
20,Front_CAM_K_P2_007.jpg,K
21,Front_CAM_K_P2_006.jpg,K
22,Front_CAM_K_P2_005.jpg,K
23,Front_CAM_K_P2_004.jpg,K
24,Front_CAM_K_P2_003.jpg,K
25,Front_CAM_K_P2_002.jpg,K
26,Front_CAM_K_P2_001.jpg,K
27,Front_CAM_K_P1_008.jpg,K
28,Front_CAM_K_P1_007.jpg,K
29,Front_CAM_K_P1_006.jpg,K
30,Front_CAM_K_P1_005.jpg,K
31,Front_CAM_K_P1_004.jpg,K
32,Front_CAM_K_P1_003.jpg,K
33,Front_CAM_K_P1_002.jpg,K
34,Front_CAM_K_P1_001.jpg,K
35,Front_CAM_L_P4_008.jpg,L
36,Front_CAM_L_P4_007.jpg,L
37,Front_CAM_L_P4_006.jpg,L
38,Front_CAM_L_P4_005.jpg,L
39,Front_CAM_L_P4_004.jpg,L
40,Front_CAM_L_P4_003.jpg,L
41,Front_CAM_L_P4_002.jpg,L
42,Front_CAM_L_P4_001.jpg,L
43,Front_CAM_L_P3_008.jpg,L
44,Front_CAM_L_P3_007.jpg,L
45,Front_CAM_L_P3_006.jpg,L
46,Front_CAM_L_P3_005.jpg,L
47,Front_CAM_L_P3_004.jpg,L
48,Front_CAM_L_P3_003.jpg,L
49,Front_CAM_L_P3_002.jpg,L
50,Front_CAM_L_P3_001.jpg,L
51,Front_CAM_L_P2_008.jpg,L
52,Front_CAM_L_P2_007.jpg,L
53,Front_CAM_L_P2_006.jpg,L
54,Front_CAM_L_P2_005.jpg,L
55,Front_CAM_L_P2_004.jpg,L
56,Front_CAM_L_P2_003.jpg,L
57,Front_CAM_L_P2_002.jpg,L
58,Front_CAM_L_P2_001.jpg,L
59,Front_CAM_L_P1_008.jpg,L
60,Front_CAM_L_P1_007.jpg,L
61,Front_CAM_L_P1_006.jpg,L
62,Front_CAM_L_P1_005.jpg,L
63,Front_CAM_L_P1_004.jpg,L
64,Front_CAM_L_P1_003.jpg,L
65,Front_CAM_L_P1_002.jpg,L
66,Front_CAM_L_P1_001.jpg,L
67,Front_CAM_M_P4_006.jpg,M
68,Front_CAM_M_P4_005.jpg,M
69,Front_CAM_M_P4_004.jpg,M
70,Front_CAM_M_P4_003.jpg,M
71,Front_CAM_M_P4_002.jpg,M
72,Front_CAM_M_P4_008.jpg,M
73,Front_CAM_M_P4_001.jpg,M
74,Front_CAM_M_P3_008.jpg,M
75,Front_CAM_M_P3_007.jpg,M
76,Front_CAM_M_P3_006.jpg,M
77,Front_CAM_M_P3_005.jpg,M
78,Front_CAM_M_P3_004.jpg,M
79,Front_CAM_M_P3_003.jpg,M
80,Front_CAM_M_P4_007.jpg,M
81,Front_CAM_M_P3_002.jpg,M
82,Front_CAM_M_P3_001.jpg,M
83,Front_CAM_M_P2_008.jpg,M
84,Front_CAM_M_P2_007.jpg,M
85,Front_CAM_M_P2_006.jpg,M
86,Front_CAM_M_P2_005.jpg,M
87,Front_CAM_M_P2_004.jpg,M
88,Front_CAM_M_P2_003.jpg,M
89,Front_CAM_M_P2_002.jpg,M
90,Front_CAM_M_P2_001.jpg,M
91,Front_CAM_M_P1_008.jpg,M
92,Front_CAM_M_P1_007.jpg,M
93,Front_CAM_M_P1_006.jpg,M
94,Front_CAM_M_P1_005.jpg,M
95,Front_CAM_M_P1_004.jpg,M
96,Front_CAM_M_P1_003.jpg,M
97,Front_CAM_M_P1_002.jpg,M
98,Front_CAM_M_P1_001.jpg,M
99,Front_CAM_N_P4_008.jpg,N
100,Front_CAM_N_P4_007.jpg,N
101,Front_CAM_N_P4_006.jpg,N
102,Front_CAM_N_P4_005.jpg,N
103,Front_CAM_N_P4_004.jpg,N
104,Front_CAM_N_P4_003.jpg,N
105,Front_CAM_N_P4_002.jpg,N
106,Front_CAM_N_P4_001.jpg,N
107,Front_CAM_N_P3_008.jpg,N
108,Front_CAM_N_P3_007.jpg,N
109,Front_CAM_N_P3_006.jpg,N
110,Front_CAM_N_P3_005.jpg,N
111,Front_CAM_N_P3_004.jpg,N
112,Front_CAM_N_P3_003.jpg,N
113,Front_CAM_N_P3_002.jpg,N
114,Front_CAM_N_P3_001.jpg,N
115,Front_CAM_N_P2_008.jpg,N
116,Front_CAM_N_P2_007.jpg,N
117,Front_CAM_N_P2_006.jpg,N
118,Front_CAM_N_P2_005.jpg,N
119,Front_CAM_N_P2_004.jpg,N
120,Front_CAM_N_P2_003.jpg,N
121,Front_CAM_N_P2_002.jpg,N
122,Front_CAM_N_P2_001.jpg,N
123,Front_CAM_N_P1_008.jpg,N
124,Front_CAM_N_P1_007.jpg,N
125,Front_CAM_N_P1_006.jpg,N
126,Front_CAM_N_P1_005.jpg,N
127,Front_CAM_N_P1_004.jpg,N
128,Front_CAM_N_P1_003.jpg,N
129,Front_CAM_N_P1_002.jpg,N
130,Front_CAM_N_P1_001.jpg,N
131,Front_CAM_O_P4_008.jpg,O
132,Front_CAM_O_P4_007.jpg,O
133,Front_CAM_O_P4_006.jpg,O
134,Front_CAM_O_P4_005.jpg,O
135,Front_CAM_O_P4_004.jpg,O
136,Front_CAM_O_P4_003.jpg,O
137,Front_CAM_O_P4_002.jpg,O
138,Front_CAM_O_P4_001.jpg,O
139,Front_CAM_O_P3_008.jpg,O
140,Front_CAM_O_P3_007.jpg,O
141,Front_CAM_O_P3_006.jpg,O
142,Front_CAM_O_P3_005.jpg,O
143,Front_CAM_O_P3_004.jpg,O
144,Front_CAM_O_P3_003.jpg,O
145,Front_CAM_O_P3_002.jpg,O
146,Front_CAM_O_P3_001.jpg,O
147,Front_CAM_O_P2_008.jpg,O
148,Front_CAM_O_P2_007.jpg,O
149,Front_CAM_O_P2_006.jpg,O
150,Front_CAM_O_P2_005.jpg,O
151,Front_CAM_O_P2_004.jpg,O
152,Front_CAM_O_P2_003.jpg,O
153,Front_CAM_O_P2_002.jpg,O
154,Front_CAM_O_P2_001.jpg,O
155,Front_CAM_O_P1_008.jpg,O
156,Front_CAM_O_P1_007.jpg,O
157,Front_CAM_O_P1_006.jpg,O
158,Front_CAM_O_P1_005.jpg,O
159,Front_CAM_O_P1_004.jpg,O
160,Front_CAM_O_P1_003.jpg,O
161,Front_CAM_O_P1_002.jpg,O
162,Front_CAM_O_P1_001.jpg,O
163,Front_CAM_P_P4_008.jpg,P
164,Front_CAM_P_P4_007.jpg,P
165,Front_CAM_P_P4_006.jpg,P
166,Front_CAM_P_P4_005.jpg,P
167,Front_CAM_P_P4_004.jpg,P
168,Front_CAM_P_P4_003.jpg,P
169,Front_CAM_P_P4_002.jpg,P
170,Front_CAM_P_P4_001.jpg,P
171,Front_CAM_P_P3_008.jpg,P
172,Front_CAM_P_P3_007.jpg,P
173,Front_CAM_P_P3_006.jpg,P
174,Front_CAM_P_P3_005.jpg,P
175,Front_CAM_P_P3_004.jpg,P
176,Front_CAM_P_P3_003.jpg,P
177,Front_CAM_P_P3_002.jpg,P
178,Front_CAM_P_P3_001.jpg,P
179,Front_CAM_P_P2_008.jpg,P
180,Front_CAM_P_P2_007.jpg,P
181,Front_CAM_P_P2_006.jpg,P
182,Front_CAM_P_P2_005.jpg,P
183,Front_CAM_P_P2_004.jpg,P
184,Front_CAM_P_P2_003.jpg,P
185,Front_CAM_P_P2_002.jpg,P
186,Front_CAM_P_P2_001.jpg,P
187,Front_CAM_P_P1_008.jpg,P
188,Front_CAM_P_P1_007.jpg,P
189,Front_CAM_P_P1_006.jpg,P
190,Front_CAM_P_P1_005.jpg,P
191,Front_CAM_P_P1_004.jpg,P
192,Front_CAM_P_P1_003.jpg,P
193,Front_CAM_P_P1_002.jpg,P
194,Front_CAM_P_P1_001.jpg,P
195,Front_CAM_Q_P4_007.jpg,Q
196,Front_CAM_Q_P4_006.jpg,Q
197,Front_CAM_Q_P4_005.jpg,Q
198,Front_CAM_Q_P4_004.jpg,Q
199,Front_CAM_Q_P4_008.jpg,Q
200,Front_CAM_Q_P4_003.jpg,Q
201,Front_CAM_Q_P4_002.jpg,Q
202,Front_CAM_Q_P4_001.jpg,Q
203,Front_CAM_Q_P3_008.jpg,Q
204,Front_CAM_Q_P3_007.jpg,Q
205,Front_CAM_Q_P3_006.jpg,Q
206,Front_CAM_Q_P3_005.jpg,Q
207,Front_CAM_Q_P3_004.jpg,Q
208,Front_CAM_Q_P3_003.jpg,Q
209,Front_CAM_Q_P3_002.jpg,Q
210,Front_CAM_Q_P3_001.jpg,Q
211,Front_CAM_Q_P2_008.jpg,Q
212,Front_CAM_Q_P2_007.jpg,Q
213,Front_CAM_Q_P2_006.jpg,Q
214,Front_CAM_Q_P2_005.jpg,Q
215,Front_CAM_Q_P2_004.jpg,Q
216,Front_CAM_Q_P2_003.jpg,Q
217,Front_CAM_Q_P2_002.jpg,Q
218,Front_CAM_Q_P2_001.jpg,Q
219,Front_CAM_Q_P1_001_8.jpg,Q
220,Front_CAM_Q_P1_007_3.jpg,Q
221,Front_CAM_Q_P1_006_3.jpg,Q
222,Front_CAM_Q_P1_005_3.jpg,Q
223,Front_CAM_Q_P1_004_3.jpg,Q
224,Front_CAM_Q_P1_003_3.jpg,Q
225,Front_CAM_Q_P1_002_3.jpg,Q
226,Front_CAM_Q_P1_001_3.jpg,Q
227,Front_CAM_R_P4_008.jpg,R
228,Front_CAM_R_P4_007.jpg,R
229,Front_CAM_R_P4_006.jpg,R
230,Front_CAM_R_P4_005.jpg,R
231,Front_CAM_R_P4_004.jpg,R
232,Front_CAM_R_P4_003.jpg,R
233,Front_CAM_R_P4_002.jpg,R
234,Front_CAM_R_P4_001.jpg,R
235,Front_CAM_R_P3_008.jpg,R
236,Front_CAM_R_P3_007.jpg,R
237,Front_CAM_R_P3_006.jpg,R
238,Front_CAM_R_P3_005.jpg,R
239,Front_CAM_R_P3_004.jpg,R
240,Front_CAM_R_P3_003.jpg,R
241,Front_CAM_R_P3_002.jpg,R
242,Front_CAM_R_P3_001.jpg,R
243,Front_CAM_R_P2_008.jpg,R
244,Front_CAM_R_P2_007.jpg,R
245,Front_CAM_R_P2_006.jpg,R
246,Front_CAM_R_P2_005.jpg,R
247,Front_CAM_R_P2_004.jpg,R
248,Front_CAM_R_P2_003.jpg,R
249,Front_CAM_R_P2_002.jpg,R
250,Front_CAM_R_P2_001.jpg,R
251,Front_CAM_R_P1_008.jpg,R
252,Front_CAM_R_P1_007.jpg,R
253,Front_CAM_R_P1_006.jpg,R
254,Front_CAM_R_P1_005.jpg,R
255,Front_CAM_R_P1_004.jpg,R
256,Front_CAM_R_P1_003.jpg,R
257,Front_CAM_R_P1_002.jpg,R
258,Front_CAM_R_P1_001.jpg,R
259,Front_CAM_S_P4_008.jpg,S
260,Front_CAM_S_P4_007.jpg,S
261,Front_CAM_S_P4_006.jpg,S
262,Front_CAM_S_P4_005.jpg,S
263,Front_CAM_S_P4_004.jpg,S
264,Front_CAM_S_P4_003.jpg,S
265,Front_CAM_S_P4_002.jpg,S
266,Front_CAM_S_P4_001.jpg,S
267,Front_CAM_S_P3_008.jpg,S
268,Front_CAM_S_P3_007.jpg,S
269,Front_CAM_S_P3_006.jpg,S
270,Front_CAM_S_P3_005.jpg,S
271,Front_CAM_S_P3_004.jpg,S
272,Front_CAM_S_P3_003.jpg,S
273,Front_CAM_S_P3_002.jpg,S
274,Front_CAM_S_P3_001.jpg,S
275,Front_CAM_S_P2_008.jpg,S
276,Front_CAM_S_P2_007.jpg,S
277,Front_CAM_S_P2_006.jpg,S
278,Front_CAM_S_P2_005.jpg,S
279,Front_CAM_S_P2_004.jpg,S
280,Front_CAM_S_P2_003.jpg,S
281,Front_CAM_S_P2_002.jpg,S
282,Front_CAM_S_P2_001.jpg,S
283,Front_CAM_S_P1_008.jpg,S
284,Front_CAM_S_P1_007.jpg,S
285,Front_CAM_S_P1_006.jpg,S
286,Front_CAM_S_P1_005.jpg,S
287,Front_CAM_S_P1_004.jpg,S
288,Front_CAM_S_P1_003.jpg,S
289,Front_CAM_S_P1_002.jpg,S
290,Front_CAM_S_P1_001.jpg,S
291,Front_CAM_T_P4_008.jpg,T
292,Front_CAM_T_P4_007.jpg,T
293,Front_CAM_T_P4_006.jpg,T
294,Front_CAM_T_P4_005.jpg,T
295,Front_CAM_T_P4_004.jpg,T
296,Front_CAM_T_P4_003.jpg,T
297,Front_CAM_T_P4_002.jpg,T
298,Front_CAM_T_P4_001.jpg,T
299,Front_CAM_T_P3_008.jpg,T
300,Front_CAM_T_P3_007.jpg,T
301,Front_CAM_T_P3_006.jpg,T
302,Front_CAM_T_P3_005.jpg,T
303,Front_CAM_T_P3_004.jpg,T
304,Front_CAM_T_P3_003.jpg,T
305,Front_CAM_T_P3_002.jpg,T
306,Front_CAM_T_P3_001.jpg,T
307,Front_CAM_T_P2_008.jpg,T
308,Front_CAM_T_P2_007.jpg,T
309,Front_CAM_T_P2_006.jpg,T
310,Front_CAM_T_P2_005.jpg,T
311,Front_CAM_T_P2_004.jpg,T
312,Front_CAM_T_P2_003.jpg,T
313,Front_CAM_T_P2_002.jpg,T
314,Front_CAM_T_P2_001.jpg,T
315,Front_CAM_T_P1_008.jpg,T
316,Front_CAM_T_P1_007.jpg,T
317,Front_CAM_T_P1_006.jpg,T
318,Front_CAM_T_P1_005.jpg,T
319,Front_CAM_T_P1_004.jpg,T
320,Front_CAM_T_P1_003.jpg,T
321,Front_CAM_T_P1_002.jpg,T
322,Front_CAM_T_P1_001.jpg,T
323,Front_CAM_U_P4_008.jpg,U
324,Front_CAM_U_P4_007.jpg,U
325,Front_CAM_U_P4_006.jpg,U
326,Front_CAM_U_P4_005.jpg,U
327,Front_CAM_U_P4_004.jpg,U
328,Front_CAM_U_P4_003.jpg,U
329,Front_CAM_U_P4_002.jpg,U
330,Front_CAM_U_P4_001.jpg,U
331,Front_CAM_U_P3_008.jpg,U
332,Front_CAM_U_P3_007.jpg,U
333,Front_CAM_U_P3_006.jpg,U
334,Front_CAM_U_P3_005.jpg,U
335,Front_CAM_U_P3_004.jpg,U
336,Front_CAM_U_P3_003.jpg,U
337,Front_CAM_U_P3_002.jpg,U
338,Front_CAM_U_P3_001.jpg,U
339,Front_CAM_U_P2_008.jpg,U
340,Front_CAM_U_P2_007.jpg,U
341,Front_CAM_U_P2_006.jpg,U
342,Front_CAM_U_P2_005.jpg,U
343,Front_CAM_U_P2_004.jpg,U
344,Front_CAM_U_P2_003.jpg,U
345,Front_CAM_U_P2_002.jpg,U
346,Front_CAM_U_P2_001.jpg,U
347,Front_CAM_U_P1_008.jpg,U
348,Front_CAM_U_P1_007.jpg,U
349,Front_CAM_U_P1_006.jpg,U
350,Front_CAM_U_P1_005.jpg,U
351,Front_CAM_U_P1_004.jpg,U
352,Front_CAM_U_P1_003.jpg,U
353,Front_CAM_U_P1_002.jpg,U
354,Front_CAM_U_P1_001.jpg,U
355,Front_CAM_V_P2_007.jpg,V
356,Front_CAM_V_P2_006.jpg,V
357,Front_CAM_V_P4_007.jpg,V
358,Front_CAM_V_P4_006.jpg,V
359,Front_CAM_V_P4_005.jpg,V
360,Front_CAM_V_P4_004.jpg,V
361,Front_CAM_V_P2_008.jpg,V
362,Front_CAM_V_P4_008.jpg,V
363,Front_CAM_V_P2_005.jpg,V
364,Front_CAM_V_P4_003.jpg,V
365,Front_CAM_V_P4_002.jpg,V
366,Front_CAM_V_P2_004.jpg,V
367,Front_CAM_V_P4_001.jpg,V
368,Front_CAM_V_P3_008.jpg,V
369,Front_CAM_V_P3_007.jpg,V
370,Front_CAM_V_P3_006.jpg,V
371,Front_CAM_V_P3_005.jpg,V
372,Front_CAM_V_P3_004.jpg,V
373,Front_CAM_V_P3_003.jpg,V
374,Front_CAM_V_P3_002.jpg,V
375,Front_CAM_V_P3_001.jpg,V
376,Front_CAM_V_P2_003.jpg,V
377,Front_CAM_V_P2_002.jpg,V
378,Front_CAM_V_P2_001.jpg,V
379,Front_CAM_V_P1_007.jpg,V
380,Front_CAM_V_P1_006.jpg,V
381,Front_CAM_V_P1_005.jpg,V
382,Front_CAM_V_P1_004.jpg,V
383,Front_CAM_V_P1_003.jpg,V
384,Front_CAM_V_P1_08.jpg,V
385,Front_CAM_V_P1_002.jpg,V
386,Front_CAM_V_P1_001.jpg,V
387,Front_CAM_W_P4_008.jpg,W
388,Front_CAM_W_P4_007.jpg,W
389,Front_CAM_W_P4_006.jpg,W
390,Front_CAM_W_P4_005.jpg,W
391,Front_CAM_W_P4_004.jpg,W
392,Front_CAM_W_P4_003.jpg,W
393,Front_CAM_W_P4_002.jpg,W
394,Front_CAM_W_P4_001.jpg,W
395,Front_CAM_W_P3_008.jpg,W
396,Front_CAM_W_P3_007.jpg,W
397,Front_CAM_W_P3_006.jpg,W
398,Front_CAM_W_P3_005.jpg,W
399,Front_CAM_W_P3_004.jpg,W
400,Front_CAM_W_P3_003.jpg,W
401,Front_CAM_W_P3_002.jpg,W
402,Front_CAM_W_P3_001.jpg,W
403,Front_CAM_W_P2_008.jpg,W
404,Front_CAM_W_P2_007.jpg,W
405,Front_CAM_W_P2_006.jpg,W
406,Front_CAM_W_P2_005.jpg,W
407,Front_CAM_W_P2_004.jpg,W
408,Front_CAM_W_P2_003.jpg,W
409,Front_CAM_W_P2_002.jpg,W
410,Front_CAM_W_P2_001.jpg,W
411,Front_CAM_W_P1_008.jpg,W
412,Front_CAM_W_P1_007.jpg,W
413,Front_CAM_W_P1_006.jpg,W
414,Front_CAM_W_P1_005.jpg,W
415,Front_CAM_W_P1_004.jpg,W
416,Front_CAM_W_P1_003.jpg,W
417,Front_CAM_W_P1_002.jpg,W
418,Front_CAM_W_P1_001.jpg,W
419,Front_CAM_X_P4_010.jpg,X
420,Front_CAM_X_P4_008.jpg,X
421,Front_CAM_X_P4_007.jpg,X
422,Front_CAM_X_P4_006.jpg,X
423,Front_CAM_X_P4_005.jpg,X
424,Front_CAM_X_P4_004.jpg,X
425,Front_CAM_X_P4_003.jpg,X
426,Front_CAM_X_P4_002.jpg,X
427,Front_CAM_X_P4_001.jpg,X
428,Front_CAM_X_P3_008.jpg,X
429,Front_CAM_X_P3_007.jpg,X
430,Front_CAM_X_P3_006.jpg,X
431,Front_CAM_X_P3_005.jpg,X
432,Front_CAM_X_P3_004.jpg,X
433,Front_CAM_X_P3_003.jpg,X
434,Front_CAM_X_P3_002.jpg,X
435,Front_CAM_X_P3_001.jpg,X
436,Front_CAM_X_P2_008.jpg,X
437,Front_CAM_X_P2_007.jpg,X
438,Front_CAM_X_P2_006.jpg,X
439,Front_CAM_X_P2_005.jpg,X
440,Front_CAM_X_P2_004.jpg,X
441,Front_CAM_X_P2_003.jpg,X
442,Front_CAM_X_P2_002.jpg,X
443,Front_CAM_X_P2_001.jpg,X
444,Front_CAM_X_P1_007.jpg,X
445,Front_CAM_X_P1_006.jpg,X
446,Front_CAM_X_P1_005.jpg,X
447,Front_CAM_X_P1_004.jpg,X
448,Front_CAM_X_P1_003.jpg,X
449,Front_CAM_X_P1_002.jpg,X
450,Front_CAM_X_P1_001.jpg,X
451,Front_CAM_Y_P4_008.jpg,Y
452,Front_CAM_Y_P4_007.jpg,Y
453,Front_CAM_Y_P4_006.jpg,Y
454,Front_CAM_Y_P4_005.jpg,Y
455,Front_CAM_Y_P4_004.jpg,Y
456,Front_CAM_Y_P4_003.jpg,Y
457,Front_CAM_Y_P4_002.jpg,Y
458,Front_CAM_Y_P4_001.jpg,Y
459,Front_CAM_Y_P3_008.jpg,Y
460,Front_CAM_Y_P3_007.jpg,Y
461,Front_CAM_Y_P3_006.jpg,Y
462,Front_CAM_Y_P3_005.jpg,Y
463,Front_CAM_Y_P3_004.jpg,Y
464,Front_CAM_Y_P3_003.jpg,Y
465,Front_CAM_Y_P3_002.jpg,Y
466,Front_CAM_Y_P3_001.jpg,Y
467,Front_CAM_Y_P2_008.jpg,Y
468,Front_CAM_Y_P2_007.jpg,Y
469,Front_CAM_Y_P2_006.jpg,Y
470,Front_CAM_Y_P2_005.jpg,Y
471,Front_CAM_Y_P2_004.jpg,Y
472,Front_CAM_Y_P2_003.jpg,Y
473,Front_CAM_Y_P2_002.jpg,Y
474,Front_CAM_Y_P2_001.jpg,Y
475,Front_CAM_Y_P1_008.jpg,Y
476,Front_CAM_Y_P1_007.jpg,Y
477,Front_CAM_Y_P1_006.jpg,Y
478,Front_CAM_Y_P1_005.jpg,Y
479,Front_CAM_Y_P1_004.jpg,Y
480,Front_CAM_Y_P1_003.jpg,Y
481,Front_CAM_Y_P1_002.jpg,Y
482,Front_CAM_Y_P1_001.jpg,Y
483,Front_CAM_Z_P4_008.jpg,Z
484,Front_CAM_Z_P4_007.jpg,Z
485,Front_CAM_Z_P4_006.jpg,Z
486,Front_CAM_Z_P4_005.jpg,Z
487,Front_CAM_Z_P4_004.jpg,Z
488,Front_CAM_Z_P4_003.jpg,Z
489,Front_CAM_Z_P4_002.jpg,Z
490,Front_CAM_Z_P4_001.jpg,Z
491,Front_CAM_Z_P3_008.jpg,Z
492,Front_CAM_Z_P3_007.jpg,Z
493,Front_CAM_Z_P3_006.jpg,Z
494,Front_CAM_Z_P3_005.jpg,Z
495,Front_CAM_Z_P3_004.jpg,Z
496,Front_CAM_Z_P3_003.jpg,Z
497,Front_CAM_Z_P3_002.jpg,Z
498,Front_CAM_Z_P3_001.jpg,Z
499,Front_CAM_Z_P2_008.jpg,Z
500,Front_CAM_Z_P2_007.jpg,Z
501,Front_CAM_Z_P2_006.jpg,Z
502,Front_CAM_Z_P2_005.jpg,Z
503,Front_CAM_Z_P2_004.jpg,Z
504,Front_CAM_Z_P2_003.jpg,Z
505,Front_CAM_Z_P2_002.jpg,Z
506,Front_CAM_Z_P2_001.jpg,Z
507,Front_CAM_Z_P1_008.jpg,Z
508,Front_CAM_Z_P1_007.jpg,Z
509,Front_CAM_Z_P1_006.jpg,Z
510,Front_CAM_Z_P1_005.jpg,Z
511,Front_CAM_Z_P1_004.jpg,Z
512,Front_CAM_Z_P1_003.jpg,Z
513,Front_CAM_Z_P1_002.jpg,Z
514,Front_CAM_Z_P1_001.jpg,Z
515,Left_CAM_A_P4_008.jpg,A
516,Left_CAM_A_P4_007.jpg,A
517,Left_CAM_A_P4_006.jpg,A
518,Left_CAM_A_P4_005.jpg,A
519,Left_CAM_A_P4_004.jpg,A
520,Left_CAM_A_P4_003.jpg,A
521,Left_CAM_A_P4_002.jpg,A
522,Left_CAM_A_P4_001.jpg,A
523,Left_CAM_A_P3_008.jpg,A
524,Left_CAM_A_P3_007.jpg,A
525,Left_CAM_A_P3_006.jpg,A
526,Left_CAM_A_P3_005.jpg,A
527,Left_CAM_A_P3_004.jpg,A
528,Left_CAM_A_P3_003.jpg,A
529,Left_CAM_A_P3_002.jpg,A
530,Left_CAM_A_P3_001.jpg,A
531,Left_CAM_A_P2_008.jpg,A
532,Left_CAM_A_P2_007.jpg,A
533,Left_CAM_A_P2_006.jpg,A
534,Left_CAM_A_P2_005.jpg,A
535,Left_CAM_A_P2_004.jpg,A
536,Left_CAM_A_P2_003.jpg,A
537,Left_CAM_A_P2_002.jpg,A
538,Left_CAM_A_P2_001.jpg,A
539,Left_CAM_A_P1_008.jpg,A
540,Left_CAM_A_P1_007.jpg,A
541,Left_CAM_A_P1_006.jpg,A
542,Left_CAM_A_P1_005.jpg,A
543,Left_CAM_A_P1_004.jpg,A
544,Left_CAM_A_P1_003.jpg,A
545,Left_CAM_A_P1_002.jpg,A
546,Left_CAM_A_P1_001.jpg,A
547,Left_CAM_B_P4_008.jpg,B
548,Left_CAM_B_P4_007.jpg,B
549,Left_CAM_B_P4_006.jpg,B
550,Left_CAM_B_P4_005.jpg,B
551,Left_CAM_B_P4_004.jpg,B
552,Left_CAM_B_P4_003.jpg,B
553,Left_CAM_B_P4_002.jpg,B
554,Left_CAM_B_P3_008.jpg,B
555,Left_CAM_B_P3_007.jpg,B
556,Left_CAM_B_P3_006.jpg,B
557,Left_CAM_B_P3_005.jpg,B
558,Left_CAM_B_P3_004.jpg,B
559,Left_CAM_B_P3_003.jpg,B
560,Left_CAM_B_P3_002.jpg,B
561,Left_CAM_B_P3_001.jpg,B
562,Left_CAM_B_P2_008.jpg,B
563,Left_CAM_B_P2_007.jpg,B
564,Left_CAM_B_P2_006.jpg,B
565,Left_CAM_B_P2_005.jpg,B
566,Left_CAM_B_P2_004.jpg,B
567,Left_CAM_B_P2_003.jpg,B
568,Left_CAM_B_P2_002.jpg,B
569,Left_CAM_B_P2_001.jpg,B
570,Left_CAM_B_P1_007.jpg,B
571,Left_CAM_B_P1_006.jpg,B
572,Left_CAM_B_P1_005.jpg,B
573,Left_CAM_B_P1_004.jpg,B
574,Left_CAM_B_P1_003.jpg,B
575,Left_CAM_B_P1_008.jpg,B
576,Left_CAM_B_P1_002.jpg,B
577,Left_CAM_B_P1_001.jpg,B
578,Left_CAM_C_P4_008.jpg,C
579,Left_CAM_C_P4_007.jpg,C
580,Left_CAM_C_P4_006.jpg,C
581,Left_CAM_C_P4_005.jpg,C
582,Left_CAM_C_P4_004.jpg,C
583,Left_CAM_C_P4_003.jpg,C
584,Left_CAM_C_P4_002.jpg,C
585,Left_CAM_C_P4_001.jpg,C
586,Left_CAM_C_P3_009.jpg,C
587,Left_CAM_C_P3_008.jpg,C
588,Left_CAM_C_P3_007.jpg,C
589,Left_CAM_C_P3_006.jpg,C
590,Left_CAM_C_P3_005.jpg,C
591,Left_CAM_C_P3_004.jpg,C
592,Left_CAM_C_P3_003.jpg,C
593,Left_CAM_C_P3_002.jpg,C
594,Left_CAM_C_P3_001.jpg,C
595,Left_CAM_C_P2_008.jpg,C
596,Left_CAM_C_P2_007.jpg,C
597,Left_CAM_C_P2_006.jpg,C
598,Left_CAM_C_P2_005.jpg,C
599,Left_CAM_C_P2_004.jpg,C
600,Left_CAM_C_P2_003.jpg,C
601,Left_CAM_C_P2_002.jpg,C
602,Left_CAM_C_P2_001.jpg,C
603,Left_CAM_C_P1_007.jpg,C
604,Left_CAM_C_P1_006.jpg,C
605,Left_CAM_C_P1_005.jpg,C
606,Left_CAM_C_P1_004.jpg,C
607,Left_CAM_C_P1_003.jpg,C
608,Left_CAM_C_P1_002.jpg,C
609,Left_CAM_C_P1_001.jpg,C
610,Left_CAM_D_P4_008.jpg,D
611,Left_CAM_D_P4_007.jpg,D
612,Left_CAM_D_P4_006.jpg,D
613,Left_CAM_D_P4_005.jpg,D
614,Left_CAM_D_P4_004.jpg,D
615,Left_CAM_D_P4_003.jpg,D
616,Left_CAM_D_P4_002.jpg,D
617,Left_CAM_D_P4_001.jpg,D
618,Left_CAM_D_P3_008.jpg,D
619,Left_CAM_D_P3_007.jpg,D
620,Left_CAM_D_P3_006.jpg,D
621,Left_CAM_D_P3_005.jpg,D
622,Left_CAM_D_P3_004.jpg,D
623,Left_CAM_D_P3_003.jpg,D
624,Left_CAM_D_P3_002.jpg,D
625,Left_CAM_D_P3_001.jpg,D
626,Left_CAM_D_P2_008.jpg,D
627,Left_CAM_D_P2_007.jpg,D
628,Left_CAM_D_P2_006.jpg,D
629,Left_CAM_D_P2_005.jpg,D
630,Left_CAM_D_P2_004.jpg,D
631,Left_CAM_D_P2_003.jpg,D
632,Left_CAM_D_P2_002.jpg,D
633,Left_CAM_D_P2_001.jpg,D
634,Left_CAM_D_P1_008.jpg,D
635,Left_CAM_D_P1_007.jpg,D
636,Left_CAM_D_P1_006.jpg,D
637,Left_CAM_D_P1_005.jpg,D
638,Left_CAM_D_P1_004.jpg,D
639,Left_CAM_D_P1_003.jpg,D
640,Left_CAM_D_P1_002.jpg,D
641,Left_CAM_D_P1_001.jpg,D
642,Left_CAM_E_P4_009.jpg,E
643,Left_CAM_E_P4_008.jpg,E
644,Left_CAM_E_P4_007.jpg,E
645,Left_CAM_E_P4_006.jpg,E
646,Left_CAM_E_P4_005.jpg,E
647,Left_CAM_E_P4_004.jpg,E
648,Left_CAM_E_P4_003.jpg,E
649,Left_CAM_E_P4_002.jpg,E
650,Left_CAM_E_P4_001.jpg,E
651,Left_CAM_E_P3_008.jpg,E
652,Left_CAM_E_P3_007.jpg,E
653,Left_CAM_E_P3_006.jpg,E
654,Left_CAM_E_P3_005.jpg,E
655,Left_CAM_E_P3_004.jpg,E
656,Left_CAM_E_P3_003.jpg,E
657,Left_CAM_E_P3_002.jpg,E
658,Left_CAM_E_P3_001.jpg,E
659,Left_CAM_E_P2_008.jpg,E
660,Left_CAM_E_P2_007.jpg,E
661,Left_CAM_E_P2_006.jpg,E
662,Left_CAM_E_P2_005.jpg,E
663,Left_CAM_E_P2_004.jpg,E
664,Left_CAM_E_P2_003.jpg,E
665,Left_CAM_E_P2_002.jpg,E
666,Left_CAM_E_P1_007.jpg,E
667,Left_CAM_E_P1_006.jpg,E
668,Left_CAM_E_P1_005.jpg,E
669,Left_CAM_E_P1_004.jpg,E
670,Left_CAM_E_P1_003.jpg,E
671,Left_CAM_E_P1_002.jpg,E
672,Left_CAM_E_P1_001.jpg,E
673,Left_CAM_F_P4_008.jpg,F
674,Left_CAM_F_P4_007.jpg,F
675,Left_CAM_F_P4_006.jpg,F
676,Left_CAM_F_P4_005.jpg,F
677,Left_CAM_F_P4_004.jpg,F
678,Left_CAM_F_P4_003.jpg,F
679,Left_CAM_F_P4_002.jpg,F
680,Left_CAM_F_P4_001.jpg,F
681,Left_CAM_F_P3_008.jpg,F
682,Left_CAM_F_P3_007.jpg,F
683,Left_CAM_F_P3_006.jpg,F
684,Left_CAM_F_P3_005.jpg,F
685,Left_CAM_F_P3_004.jpg,F
686,Left_CAM_F_P3_003.jpg,F
687,Left_CAM_F_P3_002.jpg,F
688,Left_CAM_F_P3_001.jpg,F
689,Left_CAM_F_P2_008.jpg,F
690,Left_CAM_F_P2_007.jpg,F
691,Left_CAM_F_P2_006.jpg,F
692,Left_CAM_F_P2_005.jpg,F
693,Left_CAM_F_P2_004.jpg,F
694,Left_CAM_F_P2_003.jpg,F
695,Left_CAM_F_P2_002.jpg,F
696,Left_CAM_F_P2_001.jpg,F
697,Left_CAM_F_P1_008.jpg,F
698,Left_CAM_F_P1_007.jpg,F
699,Left_CAM_F_P1_006.jpg,F
700,Left_CAM_F_P1_005.jpg,F
701,Left_CAM_F_P1_004.jpg,F
702,Left_CAM_F_P1_003.jpg,F
703,Left_CAM_F_P1_002.jpg,F
704,Left_CAM_F_P1_001.jpg,F
705,Left_CAM_G_P4_008.jpg,G
706,Left_CAM_G_P4_007.jpg,G
707,Left_CAM_G_P4_006.jpg,G
708,Left_CAM_G_P4_005.jpg,G
709,Left_CAM_G_P4_004.jpg,G
710,Left_CAM_G_P4_003.jpg,G
711,Left_CAM_G_P4_002.jpg,G
712,Left_CAM_G_P4_001.jpg,G
713,Left_CAM_G_P3_008.jpg,G
714,Left_CAM_G_P3_007.jpg,G
715,Left_CAM_G_P3_006.jpg,G
716,Left_CAM_G_P3_005.jpg,G
717,Left_CAM_G_P3_003.jpg,G
718,Left_CAM_G_P3_002.jpg,G
719,Left_CAM_G_P3_001.jpg,G
720,Left_CAM_G_P2_008.jpg,G
721,Left_CAM_G_P2_007.jpg,G
722,Left_CAM_G_P2_006.jpg,G
723,Left_CAM_G_P2_005.jpg,G
724,Left_CAM_G_P2_004.jpg,G
725,Left_CAM_G_P2_003.jpg,G
726,Left_CAM_G_P2_002.jpg,G
727,Left_CAM_G_P2_001.jpg,G
728,Left_CAM_G_P1_007.jpg,G
729,Left_CAM_G_P1_006.jpg,G
730,Left_CAM_G_P1_005.jpg,G
731,Left_CAM_G_P1_004.jpg,G
732,Left_CAM_G_P1_003.jpg,G
733,Left_CAM_G_P1_008.jpg,G
734,Left_CAM_G_P1_002.jpg,G
735,Left_CAM_G_P1_001.jpg,G
736,Left_CAM_G_P3_004.jpg,G
737,Left_CAM_H_P4_008.jpg,H
738,Left_CAM_H_P4_007.jpg,H
739,Left_CAM_H_P4_006.jpg,H
740,Left_CAM_H_P4_005.jpg,H
741,Left_CAM_H_P4_004.jpg,H
742,Left_CAM_H_P4_003.jpg,H
743,Left_CAM_H_P4_002.jpg,H
744,Left_CAM_H_P4_001.jpg,H
745,Left_CAM_H_P3_007.jpg,H
746,Left_CAM_H_P3_006.jpg,H
747,Left_CAM_H_P3_005.jpg,H
748,Left_CAM_H_P3_004.jpg,H
749,Left_CAM_H_P3_003.jpg,H
750,Left_CAM_H_P3_002.jpg,H
751,Left_CAM_H_P3_001.jpg,H
752,Left_CAM_H_P2_008.jpg,H
753,Left_CAM_H_P2_007.jpg,H
754,Left_CAM_H_P2_006.jpg,H
755,Left_CAM_H_P2_005.jpg,H
756,Left_CAM_H_P2_004.jpg,H
757,Left_CAM_H_P2_003.jpg,H
758,Left_CAM_H_P2_002.jpg,H
759,Left_CAM_H_P2_001.jpg,H
760,Left_CAM_H_P1_008.jpg,H
761,Left_CAM_H_P1_007.jpg,H
762,Left_CAM_H_P1_006.jpg,H
763,Left_CAM_H_P1_005.jpg,H
764,Left_CAM_H_P1_004.jpg,H
765,Left_CAM_H_P1_003.jpg,H
766,Left_CAM_H_P1_002.jpg,H
767,Left_CAM_H_P1_001.jpg,H
768,Left_CAM_I_P4_008.jpg,I
769,Left_CAM_I_P4_007.jpg,I
770,Left_CAM_I_P4_006.jpg,I
771,Left_CAM_I_P4_005.jpg,I
772,Left_CAM_I_P4_004.jpg,I
773,Left_CAM_I_P4_003.jpg,I
774,Left_CAM_I_P4_002.jpg,I
775,Left_CAM_I_P4_001.jpg,I
776,Left_CAM_I_P3_004.jpg,I
777,Left_CAM_I_P3_008.jpg,I
778,Left_CAM_I_P3_007.jpg,I
779,Left_CAM_I_P3_006.jpg,I
780,Left_CAM_I_P3_005.jpg,I
781,Left_CAM_I_P3_003.jpg,I
782,Left_CAM_I_P3_002.jpg,I
783,Left_CAM_I_P3_001.jpg,I
784,Left_CAM_I_P2_008.jpg,I
785,Left_CAM_I_P2_007.jpg,I
786,Left_CAM_I_P2_006.jpg,I
787,Left_CAM_I_P2_005.jpg,I
788,Left_CAM_I_P2_004.jpg,I
789,Left_CAM_I_P2_003.jpg,I
790,Left_CAM_I_P2_002.jpg,I
791,Left_CAM_I_P2_001.jpg,I
792,Left_CAM_I_P1_008.jpg,I
793,Left_CAM_I_P1_007.jpg,I
794,Left_CAM_I_P1_006.jpg,I
795,Left_CAM_I_P1_005.jpg,I
796,Left_CAM_I_P1_004.jpg,I
797,Left_CAM_I_P1_003.jpg,I
798,Left_CAM_I_P1_002.jpg,I
799,Left_CAM_I_P1_001.jpg,I
800,Left_CAM_J_P4_008.jpg,J
801,Left_CAM_J_P4_007.jpg,J
802,Left_CAM_J_P4_006.jpg,J
803,Left_CAM_J_P4_005.jpg,J
804,Left_CAM_J_P4_004.jpg,J
805,Left_CAM_J_P4_003.jpg,J
806,Left_CAM_J_P4_002.jpg,J
807,Left_CAM_J_P4_001.jpg,J
808,Left_CAM_J_P3_008.jpg,J
809,Left_CAM_J_P3_007.jpg,J
810,Left_CAM_J_P3_006.jpg,J
811,Left_CAM_J_P3_005.jpg,J
812,Left_CAM_J_P3_004.jpg,J
813,Left_CAM_J_P3_003.jpg,J
814,Left_CAM_J_P3_002.jpg,J
815,Left_CAM_J_P3_001.jpg,J
816,Left_CAM_J_P2_008.jpg,J
817,Left_CAM_J_P2_007.jpg,J
818,Left_CAM_J_P2_006.jpg,J
819,Left_CAM_J_P2_005.jpg,J
820,Left_CAM_J_P2_004.jpg,J
821,Left_CAM_J_P2_003.jpg,J
822,Left_CAM_J_P2_002.jpg,J
823,Left_CAM_J_P2_001.jpg,J
824,Left_CAM_J_P1_007.jpg,J
825,Left_CAM_J_P1_006.jpg,J
826,Left_CAM_J_P1_005.jpg,J
827,Left_CAM_J_P1_004.jpg,J
828,Left_CAM_J_P1_003.jpg,J
829,Left_CAM_J_P1_001.jpg,J
830,Left_CAM_J_P1_008.jpg,J
831,Left_CAM_J_P1_002.jpg,J
832,Left_CAM_K_P4_008.jpg,K
833,Left_CAM_K_P4_007.jpg,K
834,Left_CAM_K_P4_006.jpg,K
835,Left_CAM_K_P4_005.jpg,K
836,Left_CAM_K_P4_004.jpg,K
837,Left_CAM_K_P4_003.jpg,K
838,Left_CAM_K_P4_002.jpg,K
839,Left_CAM_K_P4_001.jpg,K
840,Left_CAM_K_P3_002.jpg,K
841,Left_CAM_K_P3_008.jpg,K
842,Left_CAM_K_P3_007.jpg,K
843,Left_CAM_K_P3_006.jpg,K
844,Left_CAM_K_P3_005.jpg,K
845,Left_CAM_K_P3_004.jpg,K
846,Left_CAM_K_P3_003.jpg,K
847,Left_CAM_K_P3_001.jpg,K
848,Left_CAM_K_P2_008.jpg,K
849,Left_CAM_K_P2_007.jpg,K
850,Left_CAM_K_P2_006.jpg,K
851,Left_CAM_K_P2_004.jpg,K
852,Left_CAM_K_P2_003.jpg,K
853,Left_CAM_K_P2_002.jpg,K
854,Left_CAM_K_P2_001.jpg,K
855,Left_CAM_K_P1_008.jpg,K
856,Left_CAM_K_P1_007.jpg,K
857,Left_CAM_K_P1_006.jpg,K
858,Left_CAM_K_P1_005.jpg,K
859,Left_CAM_K_P1_004.jpg,K
860,Left_CAM_K_P1_003.jpg,K
861,Left_CAM_K_P1_002.jpg,K
862,Left_CAM_K_P1_001.jpg,K
863,Left_CAM_L_P4_009.jpg,L
864,Left_CAM_L_P4_008.jpg,L
865,Left_CAM_L_P4_007.jpg,L
866,Left_CAM_L_P4_006.jpg,L
867,Left_CAM_L_P4_005.jpg,L
868,Left_CAM_L_P4_004.jpg,L
869,Left_CAM_L_P4_003.jpg,L
870,Left_CAM_L_P4_002.jpg,L
871,Left_CAM_L_P4_001.jpg,L
872,Left_CAM_L_P3_008.jpg,L
873,Left_CAM_L_P3_007.jpg,L
874,Left_CAM_L_P3_006.jpg,L
875,Left_CAM_L_P3_005.jpg,L
876,Left_CAM_L_P3_004.jpg,L
877,Left_CAM_L_P3_003.jpg,L
878,Left_CAM_L_P3_002.jpg,L
879,Left_CAM_L_P3_001.jpg,L
880,Left_CAM_L_P2_008.jpg,L
881,Left_CAM_L_P2_007.jpg,L
882,Left_CAM_L_P2_006.jpg,L
883,Left_CAM_L_P2_005.jpg,L
884,Left_CAM_L_P2_004.jpg,L
885,Left_CAM_L_P2_003.jpg,L
886,Left_CAM_L_P2_002.jpg,L
887,Left_CAM_L_P2_001.jpg,L
888,Left_CAM_L_P1_008.jpg,L
889,Left_CAM_L_P1_007.jpg,L
890,Left_CAM_L_P1_006.jpg,L
891,Left_CAM_L_P1_005.jpg,L
892,Left_CAM_L_P1_004.jpg,L
893,Left_CAM_L_P1_003.jpg,L
894,Left_CAM_L_P1_002.jpg,L
895,Left_CAM_L_P1_001.jpg,L
896,Left_CAM_M_P4_008.jpg,M
897,Left_CAM_M_P4_007.jpg,M
898,Left_CAM_M_P4_006.jpg,M
899,Left_CAM_M_P4_005.jpg,M
900,Left_CAM_M_P4_004.jpg,M
901,Left_CAM_M_P4_003.jpg,M
902,Left_CAM_M_P4_002.jpg,M
903,Left_CAM_M_P4_001.jpg,M
904,Left_CAM_M_P3_008.jpg,M
905,Left_CAM_M_P3_007.jpg,M
906,Left_CAM_M_P3_006.jpg,M
907,Left_CAM_M_P3_005.jpg,M
908,Left_CAM_M_P3_004.jpg,M
909,Left_CAM_M_P3_003.jpg,M
910,Left_CAM_M_P3_002.jpg,M
911,Left_CAM_M_P3_001.jpg,M
912,Left_CAM_M_P2_008.jpg,M
913,Left_CAM_M_P2_007.jpg,M
914,Left_CAM_M_P2_006.jpg,M
915,Left_CAM_M_P2_005.jpg,M
916,Left_CAM_M_P2_004.jpg,M
917,Left_CAM_M_P2_003.jpg,M
918,Left_CAM_M_P2_002.jpg,M
919,Left_CAM_M_P2_001.jpg,M
920,Left_CAM_M_P1_008.jpg,M
921,Left_CAM_M_P1_007.jpg,M
922,Left_CAM_M_P1_006.jpg,M
923,Left_CAM_M_P1_005.jpg,M
924,Left_CAM_M_P1_004.jpg,M
925,Left_CAM_M_P1_003.jpg,M
926,Left_CAM_M_P1_002.jpg,M
927,Left_CAM_M_P1_001.jpg,M
928,Left_CAM_N_P4_004.jpg,N
929,Left_CAM_N_P4_005.jpg,N
930,Left_CAM_N_P4_003.jpg,N
931,Left_CAM_N_P4_002.jpg,N
932,Left_CAM_N_P4_006.jpg,N
933,Left_CAM_N_P4_008.jpg,N
934,Left_CAM_N_P4_007.jpg,N
935,Left_CAM_N_P4_001.jpg,N
936,Left_CAM_N_P3_008.jpg,N
937,Left_CAM_N_P3_007.jpg,N
938,Left_CAM_N_P3_006.jpg,N
939,Left_CAM_N_P3_005.jpg,N
940,Left_CAM_N_P3_004.jpg,N
941,Left_CAM_N_P3_003.jpg,N
942,Left_CAM_N_P3_002.jpg,N
943,Left_CAM_N_P3_001.jpg,N
944,Left_CAM_N_P2_008.jpg,N
945,Left_CAM_N_P2_007.jpg,N
946,Left_CAM_N_P2_006.jpg,N
947,Left_CAM_N_P2_005.jpg,N
948,Left_CAM_N_P2_004.jpg,N
949,Left_CAM_N_P2_003.jpg,N
950,Left_CAM_N_P2_002.jpg,N
951,Left_CAM_N_P2_001.jpg,N
952,Left_CAM_N_P1_008.jpg,N
953,Left_CAM_N_P1_007.jpg,N
954,Left_CAM_N_P1_006.jpg,N
955,Left_CAM_N_P1_005.jpg,N
956,Left_CAM_N_P1_004.jpg,N
957,Left_CAM_N_P1_003.jpg,N
958,Left_CAM_N_P1_002.jpg,N
959,Left_CAM_N_P1_001.jpg,N
960,Left_CAM_O_P4_008.jpg,O
961,Left_CAM_O_P4_006.jpg,O
962,Left_CAM_O_P4_005.jpg,O
963,Left_CAM_O_P4_004.jpg,O
964,Left_CAM_O_P4_003.jpg,O
965,Left_CAM_O_P4_002.jpg,O
966,Left_CAM_O_P4_001.jpg,O
967,Left_CAM_O_P3_008.jpg,O
968,Left_CAM_O_P3_007.jpg,O
969,Left_CAM_O_P3_006.jpg,O
970,Left_CAM_O_P3_005.jpg,O
971,Left_CAM_O_P3_004.jpg,O
972,Left_CAM_O_P3_003.jpg,O
973,Left_CAM_O_P3_002.jpg,O
974,Left_CAM_O_P3_001.jpg,O
975,Left_CAM_O_P2_008.jpg,O
976,Left_CAM_O_P2_007.jpg,O
977,Left_CAM_O_P2_006.jpg,O
978,Left_CAM_O_P2_004.jpg,O
979,Left_CAM_O_P2_002.jpg,O
980,Left_CAM_O_P2_001.jpg,O
981,Left_CAM_O_P1_008.jpg,O
982,Left_CAM_O_P1_007.jpg,O
983,Left_CAM_O_P1_006.jpg,O
984,Left_CAM_O_P1_005.jpg,O
985,Left_CAM_O_P1_004.jpg,O
986,Left_CAM_O_P1_003.jpg,O
987,Left_CAM_O_P1_001.jpg,O
988,Left_CAM_O_P2_003.jpg,O
989,Left_CAM_P_P4_008.jpg,P
990,Left_CAM_P_P4_007.jpg,P
991,Left_CAM_P_P4_006.jpg,P
992,Left_CAM_P_P4_005.jpg,P
993,Left_CAM_P_P4_004.jpg,P
994,Left_CAM_P_P4_003.jpg,P
995,Left_CAM_P_P4_002.jpg,P
996,Left_CAM_P_P4_001.jpg,P
997,Left_CAM_P_P3_008.jpg,P
998,Left_CAM_P_P3_007.jpg,P
999,Left_CAM_P_P3_006.jpg,P
1000,Right_CAM_E_P3_001.jpg,E
1001,Right_CAM_E_P2_008.jpg,E
1002,Right_CAM_E_P2_007.jpg,E
1003,Right_CAM_E_P2_006.jpg,E
1004,Right_CAM_E_P2_005.jpg,E
1005,Right_CAM_E_P2_004.jpg,E
1006,Right_CAM_E_P2_003.jpg,E
1007,Right_CAM_E_P2_002.jpg,E
1008,Right_CAM_E_P2_001.jpg,E
1009,Right_CAM_E_P1_008.jpg,E
1010,Right_CAM_E_P1_007.jpg,E
1011,Right_CAM_E_P1_006.jpg,E
1012,Right_CAM_E_P1_005.jpg,E
1013,Right_CAM_E_P1_004.jpg,E
1014,Right_CAM_E_P1_003.jpg,E
1015,Right_CAM_E_P1_002.jpg,E
1016,Right_CAM_E_P1_001.jpg,E
1017,Right_CAM_E_P4_002.jpg,E
1018,Right_CAM_F_P4_008.jpg,F
1019,Right_CAM_F_P4_007.jpg,F
1020,Right_CAM_F_P4_006.jpg,F
1021,Right_CAM_F_P4_005.jpg,F
1022,Right_CAM_F_P4_004.jpg,F
1023,Right_CAM_F_P4_003.jpg,F
1024,Right_CAM_F_P4_002.jpg,F
1025,Right_CAM_F_P4_001.jpg,F
1026,Right_CAM_F_P3_008.jpg,F
1027,Right_CAM_F_P3_007.jpg,F
1028,Right_CAM_F_P3_006.jpg,F
1029,Right_CAM_F_P3_005.jpg,F
1030,Right_CAM_F_P3_004.jpg,F
1031,Right_CAM_F_P3_003.jpg,F
1032,Right_CAM_F_P3_002.jpg,F
1033,Right_CAM_F_P3_001.jpg,F
1034,Right_CAM_F_P2_008.jpg,F
1035,Right_CAM_F_P2_007.jpg,F
1036,Right_CAM_F_P2_006.jpg,F
1037,Right_CAM_F_P2_005.jpg,F
1038,Right_CAM_F_P2_004.jpg,F
1039,Right_CAM_F_P2_003.jpg,F
1040,Right_CAM_F_P2_002.jpg,F
1041,Right_CAM_F_P2_001.jpg,F
1042,Right_CAM_F_P1_008.jpg,F
1043,Right_CAM_F_P1_007.jpg,F
1044,Right_CAM_F_P1_006.jpg,F
1045,Right_CAM_F_P1_005.jpg,F
1046,Right_CAM_F_P1_004.jpg,F
1047,Right_CAM_F_P1_003.jpg,F
1048,Right_CAM_F_P1_002.jpg,F
1049,Right_CAM_F_P1_001.jpg,F
1050,Right_CAM_G_P4_008.jpg,G
1051,Right_CAM_G_P4_007.jpg,G
1052,Right_CAM_G_P4_006.jpg,G
1053,Right_CAM_G_P4_005.jpg,G
1054,Right_CAM_G_P4_004.jpg,G
1055,Right_CAM_G_P4_003.jpg,G
1056,Right_CAM_G_P4_002.jpg,G
1057,Right_CAM_G_P4_001.jpg,G
1058,Right_CAM_G_P3_008.jpg,G
1059,Right_CAM_G_P3_007.jpg,G
1060,Right_CAM_G_P3_006.jpg,G
1061,Right_CAM_G_P3_005.jpg,G
1062,Right_CAM_G_P3_004.jpg,G
1063,Right_CAM_G_P3_003.jpg,G
1064,Right_CAM_G_P3_002.jpg,G
1065,Right_CAM_G_P3_001.jpg,G
1066,Right_CAM_G_P2_008.jpg,G
1067,Right_CAM_G_P2_007.jpg,G
1068,Right_CAM_G_P2_006.jpg,G
1069,Right_CAM_G_P2_005.jpg,G
1070,Right_CAM_G_P2_004.jpg,G
1071,Right_CAM_G_P2_003.jpg,G
1072,Right_CAM_G_P2_002.jpg,G
1073,Right_CAM_G_P2_001.jpg,G
1074,Right_CAM_G_P1_008.jpg,G
1075,Right_CAM_G_P1_007.jpg,G
1076,Right_CAM_G_P1_006.jpg,G
1077,Right_CAM_G_P1_005.jpg,G
1078,Right_CAM_G_P1_004.jpg,G
1079,Right_CAM_G_P1_003.jpg,G
1080,Right_CAM_G_P1_002.jpg,G
1081,Right_CAM_G_P1_001.jpg,G
1082,Right_CAM_H_P4_008.jpg,H
1083,Right_CAM_H_P4_007.jpg,H
1084,Right_CAM_H_P4_006.jpg,H
1085,Right_CAM_H_P4_005.jpg,H
1086,Right_CAM_H_P4_004.jpg,H
1087,Right_CAM_H_P4_002.jpg,H
1088,Right_CAM_H_P4_001.jpg,H
1089,Right_CAM_H_P3_008.jpg,H
1090,Right_CAM_H_P3_007.jpg,H
1091,Right_CAM_H_P3_006.jpg,H
1092,Right_CAM_H_P3_004.jpg,H
1093,Right_CAM_H_P3_003.jpg,H
1094,Right_CAM_H_P3_002.jpg,H
1095,Right_CAM_H_P3_001.jpg,H
1096,Right_CAM_H_P2_008.jpg,H
1097,Right_CAM_H_P2_007.jpg,H
1098,Right_CAM_H_P2_006.jpg,H
1099,Right_CAM_H_P2_005.jpg,H
1100,Right_CAM_H_P2_003.jpg,H
1101,Right_CAM_H_P2_002.jpg,H
1102,Right_CAM_H_P2_001.jpg,H
1103,Right_CAM_H_P1_008.jpg,H
1104,Right_CAM_H_P1_007.jpg,H
1105,Right_CAM_H_P1_006.jpg,H
1106,Right_CAM_H_P1_005.jpg,H
1107,Right_CAM_H_P1_004.jpg,H
1108,Right_CAM_H_P1_003.jpg,H
1109,Right_CAM_H_P1_002.jpg,H
1110,Right_CAM_H_P1_001.jpg,H
1111,Right_CAM_H_P2_004.jpg,H
1112,Right_CAM_I_P4_008.jpg,I
1113,Right_CAM_I_P4_007.jpg,I
1114,Right_CAM_I_P4_006.jpg,I
1115,Right_CAM_I_P4_005.jpg,I
1116,Right_CAM_I_P4_004.jpg,I
1117,Right_CAM_I_P4_003.jpg,I
1118,Right_CAM_I_P4_002.jpg,I
1119,Right_CAM_I_P4_001.jpg,I
1120,Right_CAM_I_P3_008.jpg,I
1121,Right_CAM_I_P3_007.jpg,I
1122,Right_CAM_I_P3_006.jpg,I
1123,Right_CAM_I_P3_005.jpg,I
1124,Right_CAM_I_P3_004.jpg,I
1125,Right_CAM_I_P3_003.jpg,I
1126,Right_CAM_I_P3_002.jpg,I
1127,Right_CAM_I_P3_001.jpg,I
1128,Right_CAM_I_P2_008.jpg,I
1129,Right_CAM_I_P2_007.jpg,I
1130,Right_CAM_I_P2_006.jpg,I
1131,Right_CAM_I_P2_005.jpg,I
1132,Right_CAM_I_P2_004.jpg,I
1133,Right_CAM_I_P2_003.jpg,I
1134,Right_CAM_I_P2_002.jpg,I
1135,Right_CAM_I_P2_001.jpg,I
1136,Right_CAM_I_P1_008.jpg,I
1137,Right_CAM_I_P1_007.jpg,I
1138,Right_CAM_I_P1_006.jpg,I
1139,Right_CAM_I_P1_005.jpg,I
1140,Right_CAM_I_P1_004.jpg,I
1141,Right_CAM_I_P1_003.jpg,I
1142,Right_CAM_I_P1_002.jpg,I
1143,Right_CAM_I_P1_001.jpg,I
1144,Right_CAM_J_P4_008.jpg,J
1145,Right_CAM_J_P4_007.jpg,J
1146,Right_CAM_J_P4_006.jpg,J
1147,Right_CAM_J_P4_005.jpg,J
1148,Right_CAM_J_P4_004.jpg,J
1149,Right_CAM_J_P4_003.jpg,J
1150,Right_CAM_J_P4_002.jpg,J
1151,Right_CAM_J_P4_001.jpg,J
1152,Right_CAM_J_P3_008.jpg,J
1153,Right_CAM_J_P3_007.jpg,J
1154,Right_CAM_J_P3_006.jpg,J
1155,Right_CAM_J_P3_005.jpg,J
1156,Right_CAM_J_P3_004.jpg,J
1157,Right_CAM_J_P3_003.jpg,J
1158,Right_CAM_J_P3_002.jpg,J
1159,Right_CAM_J_P3_001.jpg,J
1160,Right_CAM_J_P2_008.jpg,J
1161,Right_CAM_J_P2_006.jpg,J
1162,Right_CAM_J_P2_005.jpg,J
1163,Right_CAM_J_P2_004.jpg,J
1164,Right_CAM_J_P2_003.jpg,J
1165,Right_CAM_J_P2_002.jpg,J
1166,Right_CAM_J_P2_001.jpg,J
1167,Right_CAM_J_P1_008.jpg,J
1168,Right_CAM_J_P1_007.jpg,J
1169,Right_CAM_J_P1_006.jpg,J
1170,Right_CAM_J_P1_005.jpg,J
1171,Right_CAM_J_P1_004.jpg,J
1172,Right_CAM_J_P1_003.jpg,J
1173,Right_CAM_J_P1_002.jpg,J
1174,Right_CAM_J_P1_001.jpg,J
1175,Right_CAM_K_P4_008.jpg,K
1176,Right_CAM_K_P4_007.jpg,K
1177,Right_CAM_K_P4_006.jpg,K
1178,Right_CAM_K_P4_005.jpg,K
1179,Right_CAM_K_P4_004.jpg,K
1180,Right_CAM_K_P4_003.jpg,K
1181,Right_CAM_K_P4_002.jpg,K
1182,Right_CAM_K_P4_001.jpg,K
1183,Right_CAM_K_P3_008.jpg,K
1184,Right_CAM_K_P3_007.jpg,K
1185,Right_CAM_K_P3_006.jpg,K
1186,Right_CAM_K_P3_005.jpg,K
1187,Right_CAM_K_P3_004.jpg,K
1188,Right_CAM_K_P3_003.jpg,K
1189,Right_CAM_K_P3_002.jpg,K
1190,Right_CAM_K_P3_001.jpg,K
1191,Right_CAM_K_P2_008.jpg,K
1192,Right_CAM_K_P2_007.jpg,K
1193,Right_CAM_K_P2_006.jpg,K
1194,Right_CAM_K_P2_005.jpg,K
1195,Right_CAM_K_P2_004.jpg,K
1196,Right_CAM_K_P2_002.jpg,K
1197,Right_CAM_K_P2_001.jpg,K
1198,Right_CAM_K_P1_008.jpg,K
1199,Right_CAM_K_P1_007.jpg,K
1200,Right_CAM_K_P1_006.jpg,K
1201,Right_CAM_K_P1_005.jpg,K
1202,Right_CAM_K_P1_004.jpg,K
1203,Right_CAM_K_P1_003.jpg,K
1204,Right_CAM_K_P1_002.jpg,K
1205,Right_CAM_K_P1_001.jpg,K
1206,Right_CAM_L_P4_008.jpg,L
1207,Right_CAM_L_P4_007.jpg,L
1208,Right_CAM_L_P4_006.jpg,L
1209,Right_CAM_L_P4_005.jpg,L
1210,Right_CAM_L_P4_004.jpg,L
1211,Right_CAM_L_P4_003.jpg,L
1212,Right_CAM_L_P4_002.jpg,L
1213,Right_CAM_L_P4_001.jpg,L
1214,Right_CAM_L_P3_008.jpg,L
1215,Right_CAM_L_P3_007.jpg,L
1216,Right_CAM_L_P3_006.jpg,L
1217,Right_CAM_L_P3_005.jpg,L
1218,Right_CAM_L_P3_004.jpg,L
1219,Right_CAM_L_P3_003.jpg,L
1220,Right_CAM_L_P3_002.jpg,L
1221,Right_CAM_L_P3_001.jpg,L
1222,Right_CAM_L_P2_008.jpg,L
1223,Right_CAM_L_P2_007.jpg,L
1224,Right_CAM_L_P2_006.jpg,L
1225,Right_CAM_L_P2_005.jpg,L
1226,Right_CAM_L_P2_004.jpg,L
1227,Right_CAM_L_P2_003.jpg,L
1228,Right_CAM_L_P2_002.jpg,L
1229,Right_CAM_L_P2_001.jpg,L
1230,Right_CAM_L_P1_008.jpg,L
1231,Right_CAM_L_P1_007.jpg,L
1232,Right_CAM_L_P1_006.jpg,L
1233,Right_CAM_L_P1_005.jpg,L
1234,Right_CAM_L_P1_004.jpg,L
1235,Right_CAM_L_P1_003.jpg,L
1236,Right_CAM_L_P1_002.jpg,L
1237,Right_CAM_L_P1_001.jpg,L
1238,Right_CAM_M_P4_008.jpg,M
1239,Right_CAM_M_P4_007.jpg,M
1240,Right_CAM_M_P4_006.jpg,M
1241,Right_CAM_M_P4_005.jpg,M
1242,Right_CAM_M_P4_004.jpg,M
1243,Right_CAM_M_P4_003.jpg,M
1244,Right_CAM_M_P4_002.jpg,M
1245,Right_CAM_M_P4_001.jpg,M
1246,Right_CAM_M_P3_008.jpg,M
1247,Right_CAM_M_P3_007.jpg,M
1248,Right_CAM_M_P3_006.jpg,M
1249,Right_CAM_M_P3_005.jpg,M
1250,Right_CAM_M_P3_004.jpg,M
1251,Right_CAM_M_P3_003.jpg,M
1252,Right_CAM_M_P3_002.jpg,M
1253,Right_CAM_M_P3_001.jpg,M
1254,Right_CAM_M_P2_008.jpg,M
1255,Right_CAM_M_P2_007.jpg,M
1256,Right_CAM_M_P2_006.jpg,M
1257,Right_CAM_M_P2_005.jpg,M
1258,Right_CAM_M_P2_004.jpg,M
1259,Right_CAM_M_P2_003.jpg,M
1260,Right_CAM_M_P2_002.jpg,M
1261,Right_CAM_M_P2_001.jpg,M
1262,Right_CAM_M_P1_008.jpg,M
1263,Right_CAM_M_P1_007.jpg,M
1264,Right_CAM_M_P1_006.jpg,M
1265,Right_CAM_M_P1_005.jpg,M
1266,Right_CAM_M_P1_004.jpg,M
1267,Right_CAM_M_P1_003.jpg,M
1268,Right_CAM_M_P1_002.jpg,M
1269,Right_CAM_M_P1_001.jpg,M
1270,Right_CAM_N_P4_008.jpg,N
1271,Right_CAM_N_P4_007.jpg,N
1272,Right_CAM_N_P4_006.jpg,N
1273,Right_CAM_N_P4_005.jpg,N
1274,Right_CAM_N_P4_004.jpg,N
1275,Right_CAM_N_P4_003.jpg,N
1276,Right_CAM_N_P4_002.jpg,N
1277,Right_CAM_N_P4_001.jpg,N
1278,Right_CAM_N_P3_008.jpg,N
1279,Right_CAM_N_P3_007.jpg,N
1280,Right_CAM_N_P3_006.jpg,N
1281,Right_CAM_N_P3_005.jpg,N
1282,Right_CAM_N_P3_004.jpg,N
1283,Right_CAM_N_P3_003.jpg,N
1284,Right_CAM_N_P3_002.jpg,N
1285,Right_CAM_N_P3_001.jpg,N
1286,Right_CAM_N_P2_008.jpg,N
1287,Right_CAM_N_P2_007.jpg,N
1288,Right_CAM_N_P2_006.jpg,N
1289,Right_CAM_N_P2_005.jpg,N
1290,Right_CAM_N_P2_004.jpg,N
1291,Right_CAM_N_P2_003.jpg,N
1292,Right_CAM_N_P2_002.jpg,N
1293,Right_CAM_N_P2_001.jpg,N
1294,Right_CAM_N_P1_008.jpg,N
1295,Right_CAM_N_P1_007.jpg,N
1296,Right_CAM_N_P1_006.jpg,N
1297,Right_CAM_N_P1_005.jpg,N
1298,Right_CAM_N_P1_004.jpg,N
1299,Right_CAM_N_P1_003.jpg,N
1300,Right_CAM_N_P1_002.jpg,N
1301,Right_CAM_N_P1_001.jpg,N
1302,Right_CAM_O_P4_008.jpg,O
1303,Right_CAM_O_P4_007.jpg,O
1304,Right_CAM_O_P4_006.jpg,O
1305,Right_CAM_O_P4_005.jpg,O
1306,Right_CAM_O_P4_004.jpg,O
1307,Right_CAM_O_P4_003.jpg,O
1308,Right_CAM_O_P4_001.jpg,O
1309,Right_CAM_O_P3_008.jpg,O
1310,Right_CAM_O_P3_007.jpg,O
1311,Right_CAM_O_P3_006.jpg,O
1312,Right_CAM_O_P3_005.jpg,O
1313,Right_CAM_O_P3_003.jpg,O
1314,Right_CAM_O_P3_002.jpg,O
1315,Right_CAM_O_P3_001.jpg,O
1316,Right_CAM_O_P2_008.jpg,O
1317,Right_CAM_O_P2_007.jpg,O
1318,Right_CAM_O_P2_006.jpg,O
1319,Right_CAM_O_P2_005.jpg,O
1320,Right_CAM_O_P2_004.jpg,O
1321,Right_CAM_O_P2_003.jpg,O
1322,Right_CAM_O_P2_002.jpg,O
1323,Right_CAM_O_P2_001.jpg,O
1324,Right_CAM_O_P1_008.jpg,O
1325,Right_CAM_O_P1_007.jpg,O
1326,Right_CAM_O_P1_006.jpg,O
1327,Right_CAM_O_P1_005.jpg,O
1328,Right_CAM_O_P1_004.jpg,O
1329,Right_CAM_O_P1_003.jpg,O
1330,Right_CAM_O_P1_002.jpg,O
1331,Right_CAM_O_P1_001.jpg,O
1332,Right_CAM_O_P4_002.jpg,O
1333,Right_CAM_O_P3_004.jpg,O
1334,Right_CAM_P_P4_008.jpg,P
1335,Right_CAM_P_P4_007.jpg,P
1336,Right_CAM_P_P4_006.jpg,P
1337,Right_CAM_P_P4_005.jpg,P
1338,Right_CAM_P_P4_004.jpg,P
1339,Right_CAM_P_P4_003.jpg,P
1340,Right_CAM_P_P4_002.jpg,P
1341,Right_CAM_P_P4_001.jpg,P
1342,Right_CAM_P_P3_008.jpg,P
1343,Right_CAM_P_P3_007.jpg,P
1344,Right_CAM_P_P3_006.jpg,P
1345,Right_CAM_P_P3_005.jpg,P
1346,Right_CAM_P_P3_004.jpg,P
1347,Right_CAM_P_P3_003.jpg,P
1348,Right_CAM_P_P3_002.jpg,P
1349,Right_CAM_P_P3_001.jpg,P
1350,Right_CAM_P_P2_008.jpg,P
1351,Right_CAM_P_P2_007.jpg,P
1352,Right_CAM_P_P2_006.jpg,P
1353,Right_CAM_P_P2_005.jpg,P
1354,Right_CAM_P_P2_004.jpg,P
1355,Right_CAM_P_P2_003.jpg,P
1356,Right_CAM_P_P2_002.jpg,P
1357,Right_CAM_P_P2_001.jpg,P
1358,Right_CAM_P_P1_008.jpg,P
1359,Right_CAM_P_P1_007.jpg,P
1360,Right_CAM_P_P1_001.jpg,P
1361,Right_CAM_P_P1_006.jpg,P
1362,Right_CAM_P_P1_005.jpg,P
1363,Right_CAM_P_P1_004.jpg,P
1364,Right_CAM_P_P1_003.jpg,P
1365,Right_CAM_P_P1_002.jpg,P
1366,Right_CAM_Q_P4_008.jpg,Q
1367,Right_CAM_Q_P4_007.jpg,Q
1368,Right_CAM_Q_P4_006.jpg,Q
1369,Right_CAM_Q_P4_005.jpg,Q
1370,Right_CAM_Q_P4_004.jpg,Q
1371,Right_CAM_Q_P4_003.jpg,Q
1372,Right_CAM_Q_P4_002.jpg,Q
1373,Right_CAM_Q_P4_001.jpg,Q
1374,Right_CAM_Q_P3_008.jpg,Q
1375,Right_CAM_Q_P3_007.jpg,Q
1376,Right_CAM_Q_P3_006.jpg,Q
1377,Right_CAM_Q_P3_005.jpg,Q
1378,Right_CAM_Q_P3_004.jpg,Q
1379,Right_CAM_Q_P3_003.jpg,Q
1380,Right_CAM_Q_P3_002.jpg,Q
1381,Right_CAM_Q_P3_001.jpg,Q
1382,Right_CAM_Q_P2_008.jpg,Q
1383,Right_CAM_Q_P2_007.jpg,Q
1384,Right_CAM_Q_P2_006.jpg,Q
1385,Right_CAM_Q_P2_005.jpg,Q
1386,Right_CAM_Q_P2_004.jpg,Q
1387,Right_CAM_Q_P2_003.jpg,Q
1388,Right_CAM_Q_P2_002.jpg,Q
1389,Right_CAM_Q_P2_001.jpg,Q
1390,Right_CAM_Q_P1_002_2.jpg,Q
1391,Right_CAM_Q_P1_003_2.jpg,Q
1392,Right_CAM_Q_P1_004_2.jpg,Q
1393,Right_CAM_Q_P1_005_2.jpg,Q
1394,Right_CAM_Q_P1_006_2.jpg,Q
1395,Right_CAM_Q_P1_007_2.jpg,Q
1396,Right_CAM_Q_P1_008_2.jpg,Q
1397,Right_CAM_Q_P1_001_2.jpg,Q
1398,Right_CAM_R_P4_008.jpg,R
1399,Right_CAM_R_P4_007.jpg,R
1400,Right_CAM_R_P4_006.jpg,R
1401,Right_CAM_R_P4_005.jpg,R
1402,Right_CAM_R_P4_004.jpg,R
1403,Right_CAM_R_P4_003.jpg,R
1404,Right_CAM_R_P4_002.jpg,R
1405,Right_CAM_R_P4_001.jpg,R
1406,Right_CAM_R_P3_008.jpg,R
1407,Right_CAM_R_P3_007.jpg,R
1408,Right_CAM_R_P3_006.jpg,R
1409,Right_CAM_R_P3_005.jpg,R
1410,Right_CAM_R_P3_004.jpg,R
1411,Right_CAM_R_P3_003.jpg,R
1412,Right_CAM_R_P3_002.jpg,R
1413,Right_CAM_R_P3_001.jpg,R
1414,Right_CAM_R_P2_008.jpg,R
1415,Right_CAM_R_P2_007.jpg,R
1416,Right_CAM_R_P2_006.jpg,R
1417,Right_CAM_R_P2_005.jpg,R
1418,Right_CAM_R_P2_004.jpg,R
1419,Right_CAM_R_P2_003.jpg,R
1420,Right_CAM_R_P2_002.jpg,R
1421,Right_CAM_R_P2_001.jpg,R
1422,Right_CAM_R_P1_008.jpg,R
1423,Right_CAM_R_P1_007.jpg,R
1424,Right_CAM_R_P1_006.jpg,R
1425,Right_CAM_R_P1_005.jpg,R
1426,Right_CAM_R_P1_004.jpg,R
1427,Right_CAM_R_P1_003.jpg,R
1428,Right_CAM_R_P1_002.jpg,R
1429,Right_CAM_R_P1_001.jpg,R
1430,Right_CAM_S_P4_008.jpg,S
1431,Right_CAM_S_P4_007.jpg,S
1432,Right_CAM_S_P4_006.jpg,S
1433,Right_CAM_S_P4_005.jpg,S
1434,Right_CAM_S_P4_004.jpg,S
1435,Right_CAM_S_P4_003.jpg,S
1436,Right_CAM_S_P4_002.jpg,S
1437,Right_CAM_S_P4_001.jpg,S
1438,Right_CAM_S_P3_008.jpg,S
1439,Right_CAM_S_P3_007.jpg,S
1440,Right_CAM_S_P3_005.jpg,S
1441,Right_CAM_S_P3_004.jpg,S
1442,Right_CAM_S_P3_003.jpg,S
1443,Right_CAM_S_P3_002.jpg,S
1444,Right_CAM_S_P3_001.jpg,S
1445,Right_CAM_S_P2_008.jpg,S
1446,Right_CAM_S_P2_007.jpg,S
1447,Right_CAM_S_P2_006.jpg,S
1448,Right_CAM_S_P2_005.jpg,S
1449,Right_CAM_S_P2_004.jpg,S
1450,Right_CAM_S_P2_003.jpg,S
1451,Right_CAM_S_P2_002.jpg,S
1452,Right_CAM_S_P2_001.jpg,S
1453,Right_CAM_S_P1_009.jpg,S
1454,Right_CAM_S_P1_008.jpg,S
1455,Right_CAM_S_P1_007.jpg,S
1456,Right_CAM_S_P1_006.jpg,S
1457,Right_CAM_S_P1_005.jpg,S
1458,Right_CAM_S_P1_004.jpg,S
1459,Right_CAM_S_P1_003.jpg,S
1460,Right_CAM_S_P1_002.jpg,S
1461,Right_CAM_S_P1_001.jpg,S
1462,Right_CAM_T_P4_007.jpg,T
1463,Right_CAM_T_P4_006.jpg,T
1464,Right_CAM_T_P4_005.jpg,T
1465,Right_CAM_T_P4_004.jpg,T
1466,Right_CAM_T_P4_003.jpg,T
1467,Right_CAM_T_P4_002.jpg,T
1468,Right_CAM_T_P4_008.jpg,T
1469,Right_CAM_T_P4_001.jpg,T
1470,Right_CAM_T_P3_008.jpg,T
1471,Right_CAM_T_P3_007.jpg,T
1472,Right_CAM_T_P3_006.jpg,T
1473,Right_CAM_T_P3_005.jpg,T
1474,Right_CAM_T_P3_004.jpg,T
1475,Right_CAM_T_P3_003.jpg,T
1476,Right_CAM_T_P3_002.jpg,T
1477,Right_CAM_T_P3_001.jpg,T
1478,Right_CAM_T_P2_008.jpg,T
1479,Right_CAM_T_P2_007.jpg,T
1480,Right_CAM_T_P2_006.jpg,T
1481,Right_CAM_T_P2_005.jpg,T
1482,Right_CAM_T_P2_004.jpg,T
1483,Right_CAM_T_P2_003.jpg,T
1484,Right_CAM_T_P2_002.jpg,T
1485,Right_CAM_T_P2_001.jpg,T
1486,Right_CAM_T_P1_008.jpg,T
1487,Right_CAM_T_P1_007.jpg,T
1488,Right_CAM_T_P1_006.jpg,T
1489,Right_CAM_T_P1_005.jpg,T
1490,Right_CAM_T_P1_004.jpg,T
1491,Right_CAM_T_P1_003.jpg,T
1492,Right_CAM_T_P1_002.jpg,T
1493,Right_CAM_T_P1_001.jpg,T
1494,Right_CAM_U_P4_008.jpg,U
1495,Right_CAM_U_P4_007.jpg,U
1496,Right_CAM_U_P4_006.jpg,U
1497,Right_CAM_U_P4_005.jpg,U
1498,Right_CAM_U_P4_003.jpg,U
1499,Right_CAM_U_P4_002.jpg,U
1500,Right_CAM_U_P4_001.jpg,U
1501,Right_CAM_U_P3_008.jpg,U
1502,Right_CAM_U_P3_007.jpg,U
1503,Right_CAM_U_P3_006.jpg,U
1504,Right_CAM_U_P3_005.jpg,U
1505,Right_CAM_U_P3_004.jpg,U
1506,Right_CAM_U_P3_003.jpg,U
1507,Right_CAM_U_P3_002.jpg,U
1508,Right_CAM_U_P3_001.jpg,U
1509,Right_CAM_U_P2_008.jpg,U
1510,Right_CAM_U_P2_007.jpg,U
1511,Right_CAM_U_P2_006.jpg,U
1512,Right_CAM_U_P2_005.jpg,U
1513,Right_CAM_U_P2_004.jpg,U
1514,Right_CAM_U_P2_003.jpg,U
1515,Right_CAM_U_P2_002.jpg,U
1516,Right_CAM_U_P2_001.jpg,U
1517,Right_CAM_U_P1_008.jpg,U
1518,Right_CAM_U_P1_007.jpg,U
1519,Right_CAM_U_P1_006.jpg,U
1520,Right_CAM_U_P1_005.jpg,U
1521,Right_CAM_U_P1_004.jpg,U
1522,Right_CAM_U_P1_003.jpg,U
1523,Right_CAM_U_P1_002.jpg,U
1524,Right_CAM_U_P1_001.jpg,U
1525,Right_CAM_V_P4_008.jpg,V
1526,Right_CAM_V_P4_007.jpg,V
1527,Right_CAM_V_P4_006.jpg,V
1528,Right_CAM_V_P4_005.jpg,V
1529,Right_CAM_V_P4_004.jpg,V
1530,Right_CAM_V_P4_003.jpg,V
1531,Right_CAM_V_P4_002.jpg,V
1532,Right_CAM_V_P4_001.jpg,V
1533,Right_CAM_V_P3_008.jpg,V
1534,Right_CAM_V_P3_007.jpg,V
1535,Right_CAM_V_P3_006.jpg,V
1536,Right_CAM_V_P3_005.jpg,V
1537,Right_CAM_V_P3_004.jpg,V
1538,Right_CAM_V_P3_003.jpg,V
1539,Right_CAM_V_P3_002.jpg,V
1540,Right_CAM_V_P3_001.jpg,V
1541,Right_CAM_V_P2_008.jpg,V
1542,Right_CAM_V_P2_007.jpg,V
1543,Right_CAM_V_P2_006.jpg,V
1544,Right_CAM_V_P2_005.jpg,V
1545,Right_CAM_V_P2_004.jpg,V
1546,Right_CAM_V_P2_003.jpg,V
1547,Right_CAM_V_P2_002.jpg,V
1548,Right_CAM_V_P2_001.jpg,V
1549,Right_CAM_V_P1_008.jpg,V
1550,Right_CAM_V_P1_007.jpg,V
1551,Right_CAM_V_P1_006.jpg,V
1552,Right_CAM_V_P1_005.jpg,V
1553,Right_CAM_V_P1_004.jpg,V
1554,Right_CAM_V_P1_003.jpg,V
1555,Right_CAM_V_P1_002.jpg,V
1556,Right_CAM_V_P1_001.jpg,V
1557,Right_CAM_W_P4_008.jpg,W
1558,Right_CAM_W_P4_007.jpg,W
1559,Right_CAM_W_P4_006.jpg,W
1560,Right_CAM_W_P4_005.jpg,W
1561,Right_CAM_W_P4_004.jpg,W
1562,Right_CAM_W_P4_003.jpg,W
1563,Right_CAM_W_P4_002.jpg,W
1564,Right_CAM_W_P4_001.jpg,W
1565,Right_CAM_W_P3_008.jpg,W
1566,Right_CAM_W_P3_007.jpg,W
1567,Right_CAM_W_P3_006.jpg,W
1568,Right_CAM_W_P3_005.jpg,W
1569,Right_CAM_W_P3_004.jpg,W
1570,Right_CAM_W_P3_003.jpg,W
1571,Right_CAM_W_P3_002.jpg,W
1572,Right_CAM_W_P3_001.jpg,W
1573,Right_CAM_W_P2_008.jpg,W
1574,Right_CAM_W_P2_007.jpg,W
1575,Right_CAM_W_P2_006.jpg,W
1576,Right_CAM_W_P2_005.jpg,W
1577,Right_CAM_W_P2_003.jpg,W
1578,Right_CAM_W_P2_002.jpg,W
1579,Right_CAM_W_P2_001.jpg,W
1580,Right_CAM_W_P1_008.jpg,W
1581,Right_CAM_W_P1_007.jpg,W
1582,Right_CAM_W_P1_006.jpg,W
1583,Right_CAM_W_P1_005.jpg,W
1584,Right_CAM_W_P1_004.jpg,W
1585,Right_CAM_W_P1_003.jpg,W
1586,Right_CAM_W_P1_002.jpg,W
1587,Right_CAM_W_P1_001.jpg,W
1588,Right_CAM_X_P4_008.jpg,X
1589,Right_CAM_X_P4_007.jpg,X
1590,Right_CAM_X_P4_006.jpg,X
1591,Right_CAM_X_P4_005.jpg,X
1592,Right_CAM_X_P4_004.jpg,X
1593,Right_CAM_X_P4_003.jpg,X
1594,Right_CAM_X_P4_002.jpg,X
1595,Right_CAM_X_P4_001.jpg,X
1596,Right_CAM_X_P3_008.jpg,X
1597,Right_CAM_X_P3_007.jpg,X
1598,Right_CAM_X_P3_006.jpg,X
1599,Right_CAM_X_P3_005.jpg,X
1600,Right_CAM_X_P3_004.jpg,X
1601,Right_CAM_X_P3_003.jpg,X
1602,Right_CAM_X_P3_002.jpg,X
1603,Right_CAM_X_P3_001.jpg,X
1604,Right_CAM_X_P2_008.jpg,X
1605,Right_CAM_X_P2_007.jpg,X
1606,Right_CAM_X_P2_006.jpg,X
1607,Right_CAM_X_P2_005.jpg,X
1608,Right_CAM_X_P2_004.jpg,X
1609,Right_CAM_X_P2_003.jpg,X
1610,Right_CAM_X_P2_002.jpg,X
1611,Right_CAM_X_P2_001.jpg,X
1612,Right_CAM_X_P1_008.jpg,X
1613,Right_CAM_X_P1_007.jpg,X
1614,Right_CAM_X_P1_006.jpg,X
1615,Right_CAM_X_P1_005.jpg,X
1616,Right_CAM_X_P1_004.jpg,X
1617,Right_CAM_X_P1_003.jpg,X
1618,Right_CAM_X_P1_002.jpg,X
1619,Right_CAM_X_P1_001.jpg,X
1620,Right_CAM_Y_P4_008.jpg,Y
1621,Right_CAM_Y_P4_007.jpg,Y
1622,Right_CAM_Y_P4_006.jpg,Y
1623,Right_CAM_Y_P4_005.jpg,Y
1624,Right_CAM_Y_P4_004.jpg,Y
1625,Right_CAM_Y_P4_003.jpg,Y
1626,Right_CAM_Y_P4_002.jpg,Y
1627,Right_CAM_Y_P4_001.jpg,Y
1628,Right_CAM_Y_P3_008.jpg,Y
1629,Right_CAM_Y_P3_007.jpg,Y
1630,Right_CAM_Y_P3_006.jpg,Y
1631,Right_CAM_Y_P3_005.jpg,Y
1632,Right_CAM_Y_P3_004.jpg,Y
1633,Right_CAM_Y_P3_003.jpg,Y
1634,Right_CAM_Y_P3_002.jpg,Y
1635,Right_CAM_Y_P3_001.jpg,Y
1636,Right_CAM_Y_P2_008.jpg,Y
1637,Right_CAM_Y_P2_007.jpg,Y
1638,Right_CAM_Y_P2_006.jpg,Y
1639,Right_CAM_Y_P2_005.jpg,Y
1640,Right_CAM_Y_P2_004.jpg,Y
1641,Right_CAM_Y_P2_003.jpg,Y
1642,Right_CAM_Y_P2_002.jpg,Y
1643,Right_CAM_Y_P2_001.jpg,Y
1644,Right_CAM_Y_P1_008.jpg,Y
1645,Right_CAM_Y_P1_007.jpg,Y
1646,Right_CAM_Y_P1_006.jpg,Y
1647,Right_CAM_Y_P1_005.jpg,Y
1648,Right_CAM_Y_P1_004.jpg,Y
1649,Right_CAM_Y_P1_003.jpg,Y
1650,Right_CAM_Y_P1_002.jpg,Y
1651,Right_CAM_Y_P1_001.jpg,Y
1652,Right_CAM_Z_P4_008.jpg,Z
1653,Right_CAM_Z_P4_007.jpg,Z
1654,Right_CAM_Z_P4_006.jpg,Z
1655,Right_CAM_Z_P4_005.jpg,Z
1656,Right_CAM_Z_P4_004.jpg,Z
1657,Right_CAM_Z_P4_003.jpg,Z
1658,Right_CAM_Z_P4_002.jpg,Z
1659,Right_CAM_Z_P4_001.jpg,Z
1660,Right_CAM_Z_P3_009.jpg,Z
1661,Right_CAM_Z_P3_008.jpg,Z
1662,Right_CAM_Z_P3_007.jpg,Z
1663,Right_CAM_Z_P3_006.jpg,Z
1664,Right_CAM_Z_P3_005.jpg,Z
1665,Right_CAM_Z_P3_004.jpg,Z
1666,Right_CAM_Z_P3_003.jpg,Z
1667,Right_CAM_Z_P3_002.jpg,Z
1668,Right_CAM_Z_P3_001.jpg,Z
1669,Right_CAM_Z_P2_008.jpg,Z
1670,Right_CAM_Z_P2_007.jpg,Z
1671,Right_CAM_Z_P2_006.jpg,Z
1672,Right_CAM_Z_P2_005.jpg,Z
1673,Right_CAM_Z_P2_004.jpg,Z
1674,Right_CAM_Z_P2_003.jpg,Z
1675,Right_CAM_Z_P2_002.jpg,Z
1676,Right_CAM_Z_P2_001.jpg,Z
1677,Right_CAM_Z_P1_008.jpg,Z
1678,Right_CAM_Z_P1_007.jpg,Z
1679,Right_CAM_Z_P1_006.jpg,Z
1680,Right_CAM_Z_P1_004.jpg,Z
1681,Right_CAM_Z_P1_003.jpg,Z
1682,Right_CAM_Z_P1_002.jpg,Z
1683,Right_CAM_Z_P1_001.jpg,Z
1684,Right_CAM_Z_P1_005.jpg,Z
1685,Front_CAM_A_P4_008.jpg,A
1686,Front_CAM_A_P4_007.jpg,A
1687,Front_CAM_A_P4_006.jpg,A
1688,Front_CAM_A_P4_005.jpg,A
1689,Front_CAM_A_P4_004.jpg,A
1690,Front_CAM_A_P4_003.jpg,A
1691,Front_CAM_A_P4_002.jpg,A
1692,Front_CAM_A_P4_001.jpg,A
1693,Front_CAM_A_P3_008.jpg,A
1694,Front_CAM_A_P3_007.jpg,A
1695,Front_CAM_A_P3_006.jpg,A
1696,Front_CAM_A_P3_005.jpg,A
1697,Front_CAM_A_P3_004.jpg,A
1698,Front_CAM_A_P3_003.jpg,A
1699,Front_CAM_A_P3_002.jpg,A
1700,Front_CAM_A_P3_001.jpg,A
1701,Front_CAM_A_P2_008.jpg,A
1702,Front_CAM_A_P2_007.jpg,A
1703,Front_CAM_A_P2_006.jpg,A
1704,Front_CAM_A_P2_005.jpg,A
1705,Front_CAM_A_P2_004.jpg,A
1706,Front_CAM_A_P2_003.jpg,A
1707,Front_CAM_A_P2_002.jpg,A
1708,Front_CAM_A_P2_001.jpg,A
1709,Front_CAM_A_P1_005.jpg,A
1710,Front_CAM_A_P1_006.jpg,A
1711,Front_CAM_A_P1_004.jpg,A
1712,Front_CAM_A_P1_007.jpg,A
1713,Front_CAM_A_P1_003.jpg,A
1714,Front_CAM_A_P1_008.jpg,A
1715,Front_CAM_A_P1_002.jpg,A
1716,Front_CAM_A_P1_001.jpg,A
1717,Front_CAM_B_P4_008.jpg,B
1718,Front_CAM_B_P4_007.jpg,B
1719,Front_CAM_B_P4_006.jpg,B
1720,Front_CAM_B_P4_005.jpg,B
1721,Front_CAM_B_P4_004.jpg,B
1722,Front_CAM_B_P4_003.jpg,B
1723,Front_CAM_B_P4_002.jpg,B
1724,Front_CAM_B_P4_001.jpg,B
1725,Front_CAM_B_P3_008.jpg,B
1726,Front_CAM_B_P3_007.jpg,B
1727,Front_CAM_B_P3_006.jpg,B
1728,Front_CAM_B_P3_005.jpg,B
1729,Front_CAM_B_P3_004.jpg,B
1730,Front_CAM_B_P3_003.jpg,B
1731,Front_CAM_B_P3_002.jpg,B
1732,Front_CAM_B_P3_001.jpg,B
1733,Front_CAM_B_P2_005.jpg,B
1734,Front_CAM_B_P2_004.jpg,B
1735,Front_CAM_B_P2_003.jpg,B
1736,Front_CAM_B_P2_008.jpg,B
1737,Front_CAM_B_P2_002.jpg,B
1738,Front_CAM_B_P2_007.jpg,B
1739,Front_CAM_B_P2_006.jpg,B
1740,Front_CAM_B_P2_001.jpg,B
1741,Front_CAM_B_P1_006.jpg,B
1742,Front_CAM_B_P1_005.jpg,B
1743,Front_CAM_B_P1_008.jpg,B
1744,Front_CAM_B_P1_004.jpg,B
1745,Front_CAM_B_P1_003.jpg,B
1746,Front_CAM_B_P1_007.jpg,B
1747,Front_CAM_B_P1_002.jpg,B
1748,Front_CAM_B_P1_001.jpg,B
1749,Front_CAM_C_P4_008.jpg,C
1750,Front_CAM_C_P4_007.jpg,C
1751,Front_CAM_C_P4_006.jpg,C
1752,Front_CAM_C_P4_005.jpg,C
1753,Front_CAM_C_P4_004.jpg,C
1754,Front_CAM_C_P4_003.jpg,C
1755,Front_CAM_C_P4_002.jpg,C
1756,Front_CAM_C_P4_001.jpg,C
1757,Front_CAM_C_P3_008.jpg,C
1758,Front_CAM_C_P3_007.jpg,C
1759,Front_CAM_C_P3_006.jpg,C
1760,Front_CAM_C_P3_005.jpg,C
1761,Front_CAM_C_P3_004.jpg,C
1762,Front_CAM_C_P3_003.jpg,C
1763,Front_CAM_C_P3_002.jpg,C
1764,Front_CAM_C_P3_001.jpg,C
1765,Front_CAM_C_P2_008.jpg,C
1766,Front_CAM_C_P2_007.jpg,C
1767,Front_CAM_C_P2_006.jpg,C
1768,Front_CAM_C_P2_005.jpg,C
1769,Front_CAM_C_P2_004.jpg,C
1770,Front_CAM_C_P2_003.jpg,C
1771,Front_CAM_C_P2_002.jpg,C
1772,Front_CAM_C_P2_001.jpg,C
1773,Front_CAM_C_P1_007.jpg,C
1774,Front_CAM_C_P1_006.jpg,C
1775,Front_CAM_C_P1_005.jpg,C
1776,Front_CAM_C_P1_004.jpg,C
1777,Front_CAM_C_P1_003.jpg,C
1778,Front_CAM_C_P1_002.jpg,C
1779,Front_CAM_C_P1_001.jpg,C
1780,Front_CAM_D_P4_008.jpg,D
1781,Front_CAM_D_P4_007.jpg,D
1782,Front_CAM_D_P4_006.jpg,D
1783,Front_CAM_D_P4_005.jpg,D
1784,Front_CAM_D_P4_004.jpg,D
1785,Front_CAM_D_P4_003.jpg,D
1786,Front_CAM_D_P4_002.jpg,D
1787,Front_CAM_D_P4_001.jpg,D
1788,Front_CAM_D_P3_008.jpg,D
1789,Front_CAM_D_P3_007.jpg,D
1790,Front_CAM_D_P3_006.jpg,D
1791,Front_CAM_D_P3_005.jpg,D
1792,Front_CAM_D_P3_004.jpg,D
1793,Front_CAM_D_P3_003.jpg,D
1794,Front_CAM_D_P3_002.jpg,D
1795,Front_CAM_D_P3_001.jpg,D
1796,Front_CAM_D_P2_008.jpg,D
1797,Front_CAM_D_P2_007.jpg,D
1798,Front_CAM_D_P2_006.jpg,D
1799,Front_CAM_D_P2_005.jpg,D
1800,Front_CAM_D_P2_004.jpg,D
1801,Front_CAM_D_P2_003.jpg,D
1802,Front_CAM_D_P2_002.jpg,D
1803,Front_CAM_D_P2_001.jpg,D
1804,Front_CAM_D_P1_008.jpg,D
1805,Front_CAM_D_P1_007.jpg,D
1806,Front_CAM_D_P1_006.jpg,D
1807,Front_CAM_D_P1_005.jpg,D
1808,Front_CAM_D_P1_004.jpg,D
1809,Front_CAM_D_P1_003.jpg,D
1810,Front_CAM_D_P1_002.jpg,D
1811,Front_CAM_D_P1_001.jpg,D
1812,Front_CAM_E_P4_008.jpg,E
1813,Front_CAM_E_P4_007.jpg,E
1814,Front_CAM_E_P4_006.jpg,E
1815,Front_CAM_E_P4_005.jpg,E
1816,Front_CAM_E_P4_004.jpg,E
1817,Front_CAM_E_P4_003.jpg,E
1818,Front_CAM_E_P4_002.jpg,E
1819,Front_CAM_E_P4_001.jpg,E
1820,Front_CAM_E_P3_008.jpg,E
1821,Front_CAM_E_P3_007.jpg,E
1822,Front_CAM_E_P3_006.jpg,E
1823,Front_CAM_E_P3_005.jpg,E
1824,Front_CAM_E_P3_004.jpg,E
1825,Front_CAM_E_P3_003.jpg,E
1826,Front_CAM_E_P3_002.jpg,E
1827,Front_CAM_E_P3_001.jpg,E
1828,Front_CAM_E_P2_008.jpg,E
1829,Front_CAM_E_P2_007.jpg,E
1830,Front_CAM_E_P2_006.jpg,E
1831,Front_CAM_E_P2_005.jpg,E
1832,Front_CAM_E_P2_004.jpg,E
1833,Front_CAM_E_P2_003.jpg,E
1834,Front_CAM_E_P2_002.jpg,E
1835,Front_CAM_E_P2_001.jpg,E
1836,Front_CAM_E_P1_008.jpg,E
1837,Front_CAM_E_P1_007.jpg,E
1838,Front_CAM_E_P1_006.jpg,E
1839,Front_CAM_E_P1_005.jpg,E
1840,Front_CAM_E_P1_004.jpg,E
1841,Front_CAM_E_P1_003.jpg,E
1842,Front_CAM_E_P1_002.jpg,E
1843,Front_CAM_E_P1_001.jpg,E
1844,Front_CAM_F_P4_008.jpg,F
1845,Front_CAM_F_P4_007.jpg,F
1846,Front_CAM_F_P4_006.jpg,F
1847,Front_CAM_F_P4_005.jpg,F
1848,Front_CAM_F_P4_004.jpg,F
1849,Front_CAM_F_P4_003.jpg,F
1850,Front_CAM_F_P4_002.jpg,F
1851,Front_CAM_F_P4_001.jpg,F
1852,Front_CAM_F_P3_008.jpg,F
1853,Front_CAM_F_P3_007.jpg,F
1854,Front_CAM_F_P3_006.jpg,F
1855,Front_CAM_F_P3_005.jpg,F
1856,Front_CAM_F_P3_004.jpg,F
1857,Front_CAM_F_P3_003.jpg,F
1858,Front_CAM_F_P3_002.jpg,F
1859,Front_CAM_F_P3_001.jpg,F
1860,Front_CAM_F_P2_008.jpg,F
1861,Front_CAM_F_P2_007.jpg,F
1862,Front_CAM_F_P2_006.jpg,F
1863,Front_CAM_F_P2_004.jpg,F
1864,Front_CAM_F_P2_003.jpg,F
1865,Front_CAM_F_P2_002.jpg,F
1866,Front_CAM_F_P2_001.jpg,F
1867,Front_CAM_F_P1_008.jpg,F
1868,Front_CAM_F_P1_007.jpg,F
1869,Front_CAM_F_P1_006.jpg,F
1870,Front_CAM_F_P1_005.jpg,F
1871,Front_CAM_F_P1_004.jpg,F
1872,Front_CAM_F_P1_003.jpg,F
1873,Front_CAM_F_P1_002.jpg,F
1874,Front_CAM_F_P1_001.jpg,F
1875,Front_CAM_G_P4_008.jpg,G
1876,Front_CAM_G_P4_007.jpg,G
1877,Front_CAM_G_P4_006.jpg,G
1878,Front_CAM_G_P4_005.jpg,G
1879,Front_CAM_G_P4_004.jpg,G
1880,Front_CAM_G_P4_003.jpg,G
1881,Front_CAM_G_P4_002.jpg,G
1882,Front_CAM_G_P4_001.jpg,G
1883,Front_CAM_G_P3_008.jpg,G
1884,Front_CAM_G_P3_007.jpg,G
1885,Front_CAM_G_P3_006.jpg,G
1886,Front_CAM_G_P3_005.jpg,G
1887,Front_CAM_G_P3_004.jpg,G
1888,Front_CAM_G_P3_003.jpg,G
1889,Front_CAM_G_P3_002.jpg,G
1890,Front_CAM_G_P3_001.jpg,G
1891,Front_CAM_G_P2_008.jpg,G
1892,Front_CAM_G_P2_007.jpg,G
1893,Front_CAM_G_P2_006.jpg,G
1894,Front_CAM_G_P2_005.jpg,G
1895,Front_CAM_G_P2_004.jpg,G
1896,Front_CAM_G_P2_003.jpg,G
1897,Front_CAM_G_P2_002.jpg,G
1898,Front_CAM_G_P2_001.jpg,G
1899,Front_CAM_G_P1_007.jpg,G
1900,Front_CAM_G_P1_006.jpg,G
1901,Front_CAM_G_P1_005.jpg,G
1902,Front_CAM_G_P1_004.jpg,G
1903,Front_CAM_G_P1_008.jpg,G
1904,Front_CAM_G_P1_003.jpg,G
1905,Front_CAM_G_P1_002.jpg,G
1906,Front_CAM_G_P1_001.jpg,G
1907,Front_CAM_H_P4_008.jpg,H
1908,Front_CAM_H_P4_007.jpg,H
1909,Front_CAM_H_P4_006.jpg,H
1910,Front_CAM_H_P4_005.jpg,H
1911,Front_CAM_H_P4_004.jpg,H
1912,Front_CAM_H_P4_003.jpg,H
1913,Front_CAM_H_P4_002.jpg,H
1914,Front_CAM_H_P4_001.jpg,H
1915,Front_CAM_H_P3_009.jpg,H
1916,Front_CAM_H_P3_008.jpg,H
1917,Front_CAM_H_P3_007.jpg,H
1918,Front_CAM_H_P3_006.jpg,H
1919,Front_CAM_H_P3_005.jpg,H
1920,Front_CAM_H_P3_004.jpg,H
1921,Front_CAM_H_P3_003.jpg,H
1922,Front_CAM_H_P3_002.jpg,H
1923,Front_CAM_H_P3_001.jpg,H
1924,Front_CAM_H_P2_007.jpg,H
1925,Front_CAM_H_P2_006.jpg,H
1926,Front_CAM_H_P2_005.jpg,H
1927,Front_CAM_H_P2_004.jpg,H
1928,Front_CAM_H_P2_003.jpg,H
1929,Front_CAM_H_P2_002.jpg,H
1930,Front_CAM_H_P2_001.jpg,H
1931,Front_CAM_H_P1_008.jpg,H
1932,Front_CAM_H_P1_007.jpg,H
1933,Front_CAM_H_P1_006.jpg,H
1934,Front_CAM_H_P1_005.jpg,H
1935,Front_CAM_H_P1_004.jpg,H
1936,Front_CAM_H_P1_003.jpg,H
1937,Front_CAM_H_P1_002.jpg,H
1938,Front_CAM_H_P1_001.jpg,H
1939,Front_CAM_I_P4_008.jpg,I
1940,Front_CAM_I_P4_007.jpg,I
1941,Front_CAM_I_P4_006.jpg,I
1942,Front_CAM_I_P4_005.jpg,I
1943,Front_CAM_I_P4_004.jpg,I
1944,Front_CAM_I_P4_003.jpg,I
1945,Front_CAM_I_P4_002.jpg,I
1946,Front_CAM_I_P4_001.jpg,I
1947,Front_CAM_I_P3_008.jpg,I
1948,Front_CAM_I_P3_007.jpg,I
1949,Front_CAM_I_P3_006.jpg,I
1950,Front_CAM_I_P3_005.jpg,I
1951,Front_CAM_I_P3_004.jpg,I
1952,Front_CAM_I_P3_003.jpg,I
1953,Front_CAM_I_P3_002.jpg,I
1954,Front_CAM_I_P3_001.jpg,I
1955,Front_CAM_I_P2_007.jpg,I
1956,Front_CAM_I_P2_006.jpg,I
1957,Front_CAM_I_P2_008.jpg,I
1958,Front_CAM_I_P2_004.jpg,I
1959,Front_CAM_I_P2_003.jpg,I
1960,Front_CAM_I_P2_005.jpg,I
1961,Front_CAM_I_P2_002.jpg,I
1962,Front_CAM_I_P2_001.jpg,I
1963,Front_CAM_I_P1_008.jpg,I
1964,Front_CAM_I_P1_007.jpg,I
1965,Front_CAM_I_P1_006.jpg,I
1966,Front_CAM_I_P1_005.jpg,I
1967,Front_CAM_I_P1_004.jpg,I
1968,Front_CAM_I_P1_003.jpg,I
1969,Front_CAM_I_P1_002.jpg,I
1970,Front_CAM_I_P1_001.jpg,I
1971,Front_CAM_J_P4_008.jpg,J
1972,Front_CAM_J_P4_007.jpg,J
1973,Front_CAM_J_P4_006.jpg,J
1974,Front_CAM_J_P4_005.jpg,J
1975,Front_CAM_J_P4_004.jpg,J
1976,Front_CAM_J_P4_003.jpg,J
1977,Front_CAM_J_P4_002.jpg,J
1978,Front_CAM_J_P4_001.jpg,J
1979,Front_CAM_J_P3_008.jpg,J
1980,Front_CAM_J_P3_007.jpg,J
1981,Front_CAM_J_P3_006.jpg,J
1982,Front_CAM_J_P3_005.jpg,J
1983,Front_CAM_J_P3_004.jpg,J
1984,Front_CAM_J_P3_003.jpg,J
1985,Front_CAM_J_P3_002.jpg,J
1986,Front_CAM_J_P3_001.jpg,J
1987,Front_CAM_J_P2_008.jpg,J
1988,Front_CAM_J_P2_007.jpg,J
1989,Front_CAM_J_P2_006.jpg,J
1990,Front_CAM_J_P2_005.jpg,J
1991,Front_CAM_J_P2_004.jpg,J
1992,Front_CAM_J_P2_003.jpg,J
1993,Front_CAM_J_P2_002.jpg,J
1994,Front_CAM_J_P2_001.jpg,J
1995,Front_CAM_J_P1_008.jpg,J
1996,Front_CAM_J_P1_007.jpg,J
1997,Front_CAM_J_P1_006.jpg,J
1998,Front_CAM_J_P1_005.jpg,J
1999,Front_CAM_J_P1_004.jpg,J
2000,Right_CAM_B_P4_005.jpg,B
2001,Right_CAM_B_P3_006.jpg,B
2002,Right_CAM_B_P3_003.jpg,B
2003,Right_CAM_C_P4_008.jpg,C
2004,Right_CAM_C_P4_007.jpg,C
2005,Right_CAM_C_P4_006.jpg,C
2006,Right_CAM_C_P4_005.jpg,C
2007,Right_CAM_C_P4_004.jpg,C
2008,Right_CAM_C_P4_003.jpg,C
2009,Right_CAM_C_P4_002.jpg,C
2010,Right_CAM_C_P4_001.jpg,C
2011,Right_CAM_A_P4_006.jpg,A
2012,Right_CAM_C_P3_008.jpg,C
2013,Right_CAM_A_P4_008.jpg,A
2014,Right_CAM_A_P4_007.jpg,A
2015,Right_CAM_A_P4_005.jpg,A
2016,Right_CAM_C_P3_007.jpg,C
2017,Right_CAM_C_P3_006.jpg,C
2018,Right_CAM_A_P4_004.jpg,A
2019,Right_CAM_A_P4_003.jpg,A
2020,Right_CAM_A_P4_001.jpg,A
2021,Right_CAM_A_P4_002.jpg,A
2022,Right_CAM_A_P3_006.jpg,A
2023,Right_CAM_C_P3_005.jpg,C
2024,Right_CAM_A_P3_005.jpg,A
2025,Right_CAM_A_P3_007.jpg,A
2026,Right_CAM_A_P3_008.jpg,A
2027,Right_CAM_A_P3_003.jpg,A
2028,Right_CAM_A_P3_004.jpg,A
2029,Right_CAM_C_P3_004.jpg,C
2030,Right_CAM_C_P3_003.jpg,C
2031,Right_CAM_C_P3_002.jpg,C
2032,Right_CAM_A_P3_002.jpg,A
2033,Right_CAM_A_P3_001.jpg,A
2034,Right_CAM_A_P2_008.jpg,A
2035,Right_CAM_A_P2_006.jpg,A
2036,Right_CAM_A_P2_007.jpg,A
2037,Right_CAM_C_P3_001.jpg,C
2038,Right_CAM_A_P2_005.jpg,A
2039,Right_CAM_A_P2_004.jpg,A
2040,Right_CAM_A_P2_003.jpg,A
2041,Right_CAM_A_P2_002.jpg,A
2042,Right_CAM_C_P2_008.jpg,C
2043,Right_CAM_A_P2_001.jpg,A
2044,Right_CAM_C_P2_007.jpg,C
2045,Right_CAM_A_P1_008.jpg,A
2046,Right_CAM_A_P1_007.jpg,A
2047,Right_CAM_A_P1_005.jpg,A
2048,Right_CAM_A_P1_006.jpg,A
2049,Right_CAM_C_P2_006.jpg,C
2050,Right_CAM_A_P1_004.jpg,A
2051,Right_CAM_A_P1_003.jpg,A
2052,Right_CAM_A_P1_002.jpg,A
2053,Right_CAM_C_P2_005.jpg,C
2054,Right_CAM_A_P1_001.jpg,A
2055,Right_CAM_C_P2_004.jpg,C
2056,Right_CAM_C_P2_003.jpg,C
2057,Right_CAM_C_P2_002.jpg,C
2058,Right_CAM_C_P2_001.jpg,C
2059,Right_CAM_B_P4_008.jpg,B
2060,Right_CAM_B_P4_007.jpg,B
2061,Right_CAM_C_P1_007.jpg,C
2062,Right_CAM_B_P4_006.jpg,B
2063,Right_CAM_B_P4_003.jpg,B
2064,Right_CAM_C_P1_006.jpg,C
2065,Right_CAM_B_P4_004.jpg,B
2066,Right_CAM_B_P4_002.jpg,B
2067,Right_CAM_C_P1_005.jpg,C
2068,Right_CAM_B_P4_001.jpg,B
2069,Right_CAM_B_P3_008.jpg,B
2070,Right_CAM_C_P1_004.jpg,C
2071,Right_CAM_B_P3_007.jpg,B
2072,Right_CAM_B_P3_005.jpg,B
2073,Right_CAM_C_P1_008.jpg,C
2074,Right_CAM_C_P1_003.jpg,C
2075,Right_CAM_B_P3_004.jpg,B
2076,Right_CAM_B_P3_002.jpg,B
2077,Right_CAM_B_P3_001.jpg,B
2078,Right_CAM_C_P1_002.jpg,C
2079,Right_CAM_B_P2_008.jpg,B
2080,Right_CAM_B_P2_007.jpg,B
2081,Right_CAM_B_P2_005.jpg,B
2082,Right_CAM_B_P2_006.jpg,B
2083,Right_CAM_B_P2_004.jpg,B
2084,Right_CAM_C_P1_001.jpg,C
2085,Right_CAM_B_P2_002.jpg,B
2086,Right_CAM_B_P2_003.jpg,B
2087,Right_CAM_B_P1_007.jpg,B
2088,Right_CAM_B_P1_005.jpg,B
2089,Right_CAM_B_P1_006.jpg,B
2090,Right_CAM_B_P1_004.jpg,B
2091,Right_CAM_B_P1_003.jpg,B
2092,Right_CAM_B_P1_008.jpg,B
2093,Right_CAM_B_P1_002.jpg,B
2094,Right_CAM_B_P1_001.jpg,B
2095,Right_CAM_D_P4_008.jpg,D
2096,Right_CAM_D_P4_007.jpg,D
2097,Right_CAM_D_P4_006.jpg,D
2098,Right_CAM_D_P4_005.jpg,D
2099,Right_CAM_D_P4_004.jpg,D
2100,Right_CAM_D_P4_003.jpg,D
2101,Right_CAM_D_P4_002.jpg,D
2102,Right_CAM_D_P4_001.jpg,D
2103,Right_CAM_D_P3_008.jpg,D
2104,Right_CAM_D_P3_007.jpg,D
2105,Right_CAM_D_P3_006.jpg,D
2106,Right_CAM_D_P3_005.jpg,D
2107,Right_CAM_D_P3_004.jpg,D
2108,Right_CAM_D_P3_003.jpg,D
2109,Right_CAM_D_P3_002.jpg,D
2110,Right_CAM_D_P3_001.jpg,D
2111,Right_CAM_D_P2_008.jpg,D
2112,Right_CAM_D_P2_007.jpg,D
2113,Right_CAM_D_P2_006.jpg,D
2114,Right_CAM_D_P2_005.jpg,D
2115,Right_CAM_D_P2_004.jpg,D
2116,Right_CAM_D_P2_003.jpg,D
2117,Right_CAM_D_P2_001.jpg,D
2118,Right_CAM_D_P1_008.jpg,D
2119,Right_CAM_D_P1_007.jpg,D
2120,Right_CAM_D_P1_006.jpg,D
2121,Right_CAM_D_P1_005.jpg,D
2122,Right_CAM_D_P1_004.jpg,D
2123,Right_CAM_D_P1_003.jpg,D
2124,Right_CAM_D_P1_002.jpg,D
2125,Right_CAM_D_P1_001.jpg,D
2126,Right_CAM_E_P4_008.jpg,E
2127,Right_CAM_E_P4_007.jpg,E
2128,Right_CAM_E_P4_006.jpg,E
2129,Right_CAM_E_P4_005.jpg,E
2130,Right_CAM_E_P4_004.jpg,E
2131,Right_CAM_E_P4_003.jpg,E
2132,Right_CAM_E_P4_001.jpg,E
2133,Right_CAM_E_P3_008.jpg,E
2134,Right_CAM_E_P3_007.jpg,E
2135,Right_CAM_E_P3_006.jpg,E
2136,Right_CAM_E_P3_005.jpg,E
2137,Right_CAM_E_P3_004.jpg,E
2138,Right_CAM_E_P3_003.jpg,E
2139,Right_CAM_E_P3_002.jpg,E
2140,Left_CAM_O_P4_007.jpg,O
2141,Left_CAM_O_P2_005.jpg,O
2142,Left_CAM_O_P1_002.jpg,O
2143,Left_CAM_P_P3_005.jpg,P
2144,Left_CAM_P_P3_004.jpg,P
2145,Left_CAM_P_P3_003.jpg,P
2146,Left_CAM_P_P3_002.jpg,P
2147,Left_CAM_P_P3_001.jpg,P
2148,Left_CAM_P_P2_008.jpg,P
2149,Left_CAM_P_P2_007.jpg,P
2150,Left_CAM_P_P2_006.jpg,P
2151,Left_CAM_P_P2_005.jpg,P
2152,Left_CAM_P_P2_004.jpg,P
2153,Left_CAM_P_P2_003.jpg,P
2154,Left_CAM_P_P2_002.jpg,P
2155,Left_CAM_P_P2_001.jpg,P
2156,Left_CAM_P_P1_008.jpg,P
2157,Left_CAM_P_P1_007.jpg,P
2158,Left_CAM_P_P1_006.jpg,P
2159,Left_CAM_P_P1_005.jpg,P
2160,Left_CAM_P_P1_004.jpg,P
2161,Left_CAM_P_P1_003.jpg,P
2162,Left_CAM_P_P1_002.jpg,P
2163,Left_CAM_P_P1_001.jpg,P
2164,Left_CAM_Q_P4_008.jpg,Q
2165,Left_CAM_Q_P4_007.jpg,Q
2166,Left_CAM_Q_P4_006.jpg,Q
2167,Left_CAM_Q_P4_005.jpg,Q
2168,Left_CAM_Q_P4_004.jpg,Q
2169,Left_CAM_Q_P4_003.jpg,Q
2170,Left_CAM_Q_P4_002.jpg,Q
2171,Left_CAM_Q_P4_001.jpg,Q
2172,Left_CAM_Q_P3_008.jpg,Q
2173,Left_CAM_Q_P3_007.jpg,Q
2174,Left_CAM_Q_P3_006.jpg,Q
2175,Left_CAM_Q_P3_005.jpg,Q
2176,Left_CAM_Q_P3_004.jpg,Q
2177,Left_CAM_Q_P3_003.jpg,Q
2178,Left_CAM_Q_P3_002.jpg,Q
2179,Left_CAM_Q_P3_001.jpg,Q
2180,Left_CAM_Q_P2_008.jpg,Q
2181,Left_CAM_Q_P2_007.jpg,Q
2182,Left_CAM_Q_P2_006.jpg,Q
2183,Left_CAM_Q_P2_005.jpg,Q
2184,Left_CAM_Q_P2_004.jpg,Q
2185,Left_CAM_Q_P2_003.jpg,Q
2186,Left_CAM_Q_P2_002.jpg,Q
2187,Left_CAM_Q_P2_001.jpg,Q
2188,Left_CAM_Q_P1_008_4.jpg,Q
2189,Left_CAM_Q_P1_007_4.jpg,Q
2190,Left_CAM_Q_P1_006_4.jpg,Q
2191,Left_CAM_Q_P1_005_4.jpg,Q
2192,Left_CAM_Q_P1_004_4.jpg,Q
2193,Left_CAM_Q_P1_003_4.jpg,Q
2194,Left_CAM_Q_P1_002_4.jpg,Q
2195,Left_CAM_Q_P1_001_4.jpg,Q
2196,Left_CAM_R_P4_008.jpg,R
2197,Left_CAM_R_P4_007.jpg,R
2198,Left_CAM_R_P4_006.jpg,R
2199,Left_CAM_R_P4_005.jpg,R
2200,Left_CAM_R_P4_004.jpg,R
2201,Left_CAM_R_P4_003.jpg,R
2202,Left_CAM_R_P4_002.jpg,R
2203,Left_CAM_R_P4_001.jpg,R
2204,Left_CAM_R_P3_008.jpg,R
2205,Left_CAM_R_P3_007.jpg,R
2206,Left_CAM_R_P3_006.jpg,R
2207,Left_CAM_R_P3_005.jpg,R
2208,Left_CAM_R_P3_004.jpg,R
2209,Left_CAM_R_P3_003.jpg,R
2210,Left_CAM_R_P3_002.jpg,R
2211,Left_CAM_R_P3_001.jpg,R
2212,Left_CAM_R_P2_008.jpg,R
2213,Left_CAM_R_P2_007.jpg,R
2214,Left_CAM_R_P2_006.jpg,R
2215,Left_CAM_R_P2_005.jpg,R
2216,Left_CAM_R_P2_004.jpg,R
2217,Left_CAM_R_P2_003.jpg,R
2218,Left_CAM_R_P2_002.jpg,R
2219,Left_CAM_R_P2_001.jpg,R
2220,Left_CAM_R_P1_008.jpg,R
2221,Left_CAM_R_P1_007.jpg,R
2222,Left_CAM_R_P1_006.jpg,R
2223,Left_CAM_R_P1_005.jpg,R
2224,Left_CAM_R_P1_004.jpg,R
2225,Left_CAM_R_P1_003.jpg,R
2226,Left_CAM_R_P1_002.jpg,R
2227,Left_CAM_R_P1_001.jpg,R
2228,Left_CAM_S_P4_008.jpg,S
2229,Left_CAM_S_P4_007.jpg,S
2230,Left_CAM_S_P4_006.jpg,S
2231,Left_CAM_S_P4_005.jpg,S
2232,Left_CAM_S_P4_004.jpg,S
2233,Left_CAM_S_P4_003.jpg,S
2234,Left_CAM_S_P4_002.jpg,S
2235,Left_CAM_S_P4_001.jpg,S
2236,Left_CAM_S_P3_008.jpg,S
2237,Left_CAM_S_P3_007.jpg,S
2238,Left_CAM_S_P3_006.jpg,S
2239,Left_CAM_S_P3_005.jpg,S
2240,Left_CAM_S_P3_004.jpg,S
2241,Left_CAM_S_P3_003.jpg,S
2242,Left_CAM_S_P3_002.jpg,S
2243,Left_CAM_S_P3_001.jpg,S
2244,Left_CAM_S_P2_008.jpg,S
2245,Left_CAM_S_P2_007.jpg,S
2246,Left_CAM_S_P2_006.jpg,S
2247,Left_CAM_S_P2_005.jpg,S
2248,Left_CAM_S_P2_004.jpg,S
2249,Left_CAM_S_P2_003.jpg,S
2250,Left_CAM_S_P2_002.jpg,S
2251,Left_CAM_S_P2_001.jpg,S
2252,Left_CAM_S_P1_008.jpg,S
2253,Left_CAM_S_P1_007.jpg,S
2254,Left_CAM_S_P1_006.jpg,S
2255,Left_CAM_S_P1_005.jpg,S
2256,Left_CAM_S_P1_004.jpg,S
2257,Left_CAM_S_P1_003.jpg,S
2258,Left_CAM_S_P1_002.jpg,S
2259,Left_CAM_S_P1_001.jpg,S
2260,Left_CAM_T_P4_008.jpg,T
2261,Left_CAM_T_P4_007.jpg,T
2262,Left_CAM_T_P4_006.jpg,T
2263,Left_CAM_T_P4_005.jpg,T
2264,Left_CAM_T_P4_004.jpg,T
2265,Left_CAM_T_P4_003.jpg,T
2266,Left_CAM_T_P4_002.jpg,T
2267,Left_CAM_T_P4_001.jpg,T
2268,Left_CAM_T_P3_008.jpg,T
2269,Left_CAM_T_P3_007.jpg,T
2270,Left_CAM_T_P3_006.jpg,T
2271,Left_CAM_T_P3_005.jpg,T
2272,Left_CAM_T_P3_004.jpg,T
2273,Left_CAM_T_P3_003.jpg,T
2274,Left_CAM_T_P3_002.jpg,T
2275,Left_CAM_T_P3_001.jpg,T
2276,Left_CAM_T_P2_008.jpg,T
2277,Left_CAM_T_P2_007.jpg,T
2278,Left_CAM_T_P2_006.jpg,T
2279,Left_CAM_T_P2_005.jpg,T
2280,Left_CAM_T_P2_004.jpg,T
2281,Left_CAM_T_P2_003.jpg,T
2282,Left_CAM_T_P2_002.jpg,T
2283,Left_CAM_T_P2_001.jpg,T
2284,Left_CAM_T_P1_008.jpg,T
2285,Left_CAM_T_P1_007.jpg,T
2286,Left_CAM_T_P1_006.jpg,T
2287,Left_CAM_T_P1_005.jpg,T
2288,Left_CAM_T_P1_004.jpg,T
2289,Left_CAM_T_P1_003.jpg,T
2290,Left_CAM_T_P1_002.jpg,T
2291,Left_CAM_T_P1_001.jpg,T
2292,Left_CAM_U_P4_009.jpg,U
2293,Left_CAM_U_P4_008.jpg,U
2294,Left_CAM_U_P4_007.jpg,U
2295,Left_CAM_U_P4_005.jpg,U
2296,Left_CAM_U_P4_004.jpg,U
2297,Left_CAM_U_P4_003.jpg,U
2298,Left_CAM_U_P4_002.jpg,U
2299,Left_CAM_U_P4_001.jpg,U
2300,Left_CAM_U_P3_008.jpg,U
2301,Left_CAM_U_P3_007.jpg,U
2302,Left_CAM_U_P3_006.jpg,U
2303,Left_CAM_U_P3_005.jpg,U
2304,Left_CAM_U_P3_004.jpg,U
2305,Left_CAM_U_P3_003.jpg,U
2306,Left_CAM_U_P3_002.jpg,U
2307,Left_CAM_U_P3_001.jpg,U
2308,Left_CAM_U_P2_008.jpg,U
2309,Left_CAM_U_P2_007.jpg,U
2310,Left_CAM_U_P2_006.jpg,U
2311,Left_CAM_U_P2_005.jpg,U
2312,Left_CAM_U_P2_004.jpg,U
2313,Left_CAM_U_P2_003.jpg,U
2314,Left_CAM_U_P2_002.jpg,U
2315,Left_CAM_U_P2_001.jpg,U
2316,Left_CAM_U_P1_008.jpg,U
2317,Left_CAM_U_P1_007.jpg,U
2318,Left_CAM_U_P1_006.jpg,U
2319,Left_CAM_U_P1_005.jpg,U
2320,Left_CAM_U_P1_004.jpg,U
2321,Left_CAM_U_P1_003.jpg,U
2322,Left_CAM_U_P1_002.jpg,U
2323,Left_CAM_U_P1_001.jpg,U
2324,Left_CAM_V_P4_008.jpg,V
2325,Left_CAM_V_P4_007.jpg,V
2326,Left_CAM_V_P4_006.jpg,V
2327,Left_CAM_V_P4_005.jpg,V
2328,Left_CAM_V_P4_004.jpg,V
2329,Left_CAM_V_P4_003.jpg,V
2330,Left_CAM_V_P4_002.jpg,V
2331,Left_CAM_V_P4_001.jpg,V
2332,Left_CAM_V_P3_008.jpg,V
2333,Left_CAM_V_P3_007.jpg,V
2334,Left_CAM_V_P3_006.jpg,V
2335,Left_CAM_V_P3_005.jpg,V
2336,Left_CAM_V_P3_004.jpg,V
2337,Left_CAM_V_P3_003.jpg,V
2338,Left_CAM_V_P3_002.jpg,V
2339,Left_CAM_V_P3_001.jpg,V
2340,Left_CAM_V_P2_008.jpg,V
2341,Left_CAM_V_P2_007.jpg,V
2342,Left_CAM_V_P2_006.jpg,V
2343,Left_CAM_V_P2_005.jpg,V
2344,Left_CAM_V_P2_004.jpg,V
2345,Left_CAM_V_P2_003.jpg,V
2346,Left_CAM_V_P2_002.jpg,V
2347,Left_CAM_V_P2_001.jpg,V
2348,Left_CAM_V_P1_008.jpg,V
2349,Left_CAM_V_P1_007.jpg,V
2350,Left_CAM_V_P1_006.jpg,V
2351,Left_CAM_V_P1_005.jpg,V
2352,Left_CAM_V_P1_004.jpg,V
2353,Left_CAM_V_P1_003.jpg,V
2354,Left_CAM_V_P1_002.jpg,V
2355,Left_CAM_V_P1_001.jpg,V
2356,Left_CAM_W_P4_008.jpg,W
2357,Left_CAM_W_P4_007.jpg,W
2358,Left_CAM_W_P4_006.jpg,W
2359,Left_CAM_W_P4_005.jpg,W
2360,Left_CAM_W_P4_004.jpg,W
2361,Left_CAM_W_P4_003.jpg,W
2362,Left_CAM_W_P4_002.jpg,W
2363,Left_CAM_W_P4_001.jpg,W
2364,Left_CAM_W_P3_008.jpg,W
2365,Left_CAM_W_P3_007.jpg,W
2366,Left_CAM_W_P3_006.jpg,W
2367,Left_CAM_W_P3_005.jpg,W
2368,Left_CAM_W_P3_004.jpg,W
2369,Left_CAM_W_P3_003.jpg,W
2370,Left_CAM_W_P3_002.jpg,W
2371,Left_CAM_W_P3_001.jpg,W
2372,Left_CAM_W_P2_008.jpg,W
2373,Left_CAM_W_P2_007.jpg,W
2374,Left_CAM_W_P2_006.jpg,W
2375,Left_CAM_W_P2_005.jpg,W
2376,Left_CAM_W_P2_004.jpg,W
2377,Left_CAM_W_P2_003.jpg,W
2378,Left_CAM_W_P2_002.jpg,W
2379,Left_CAM_W_P2_001.jpg,W
2380,Left_CAM_W_P1_008.jpg,W
2381,Left_CAM_W_P1_007.jpg,W
2382,Left_CAM_W_P1_006.jpg,W
2383,Left_CAM_W_P1_005.jpg,W
2384,Left_CAM_W_P1_004.jpg,W
2385,Left_CAM_W_P1_003.jpg,W
2386,Left_CAM_W_P1_002.jpg,W
2387,Left_CAM_W_P1_001.jpg,W
2388,Left_CAM_X_P4_008.jpg,X
2389,Left_CAM_X_P4_007.jpg,X
2390,Left_CAM_X_P4_006.jpg,X
2391,Left_CAM_X_P4_005.jpg,X
2392,Left_CAM_X_P4_004.jpg,X
2393,Left_CAM_X_P4_003.jpg,X
2394,Left_CAM_X_P4_002.jpg,X
2395,Left_CAM_X_P4_001.jpg,X
2396,Left_CAM_X_P3_008.jpg,X
2397,Left_CAM_X_P3_007.jpg,X
2398,Left_CAM_X_P3_006.jpg,X
2399,Left_CAM_X_P3_005.jpg,X
2400,Left_CAM_X_P3_004.jpg,X
2401,Left_CAM_X_P3_003.jpg,X
2402,Left_CAM_X_P3_002.jpg,X
2403,Left_CAM_X_P3_001.jpg,X
2404,Left_CAM_X_P2_008.jpg,X
2405,Left_CAM_X_P2_007.jpg,X
2406,Left_CAM_X_P2_006.jpg,X
2407,Left_CAM_X_P2_005.jpg,X
2408,Left_CAM_X_P2_004.jpg,X
2409,Left_CAM_X_P2_003.jpg,X
2410,Left_CAM_X_P2_002.jpg,X
2411,Left_CAM_X_P2_001.jpg,X
2412,Left_CAM_X_P1_008.jpg,X
2413,Left_CAM_X_P1_007.jpg,X
2414,Left_CAM_X_P1_006.jpg,X
2415,Left_CAM_X_P1_005.jpg,X
2416,Left_CAM_X_P1_004.jpg,X
2417,Left_CAM_X_P1_003.jpg,X
2418,Left_CAM_X_P1_002.jpg,X
2419,Left_CAM_X_P1_001.jpg,X
2420,Left_CAM_Y_P4_008.jpg,Y
2421,Left_CAM_Y_P4_007.jpg,Y
2422,Left_CAM_Y_P4_006.jpg,Y
2423,Left_CAM_Y_P4_005.jpg,Y
2424,Left_CAM_Y_P4_004.jpg,Y
2425,Left_CAM_Y_P4_003.jpg,Y
2426,Left_CAM_Y_P4_002.jpg,Y
2427,Left_CAM_Y_P4_001.jpg,Y
2428,Left_CAM_Y_P3_008.jpg,Y
2429,Left_CAM_Y_P3_007.jpg,Y
2430,Left_CAM_Y_P3_006.jpg,Y
2431,Left_CAM_Y_P3_005.jpg,Y
2432,Left_CAM_Y_P3_004.jpg,Y
2433,Left_CAM_Y_P3_003.jpg,Y
2434,Left_CAM_Y_P3_002.jpg,Y
2435,Left_CAM_Y_P3_001.jpg,Y
2436,Left_CAM_Y_P2_008.jpg,Y
2437,Left_CAM_Y_P2_007.jpg,Y
2438,Left_CAM_Y_P2_006.jpg,Y
2439,Left_CAM_Y_P2_005.jpg,Y
2440,Left_CAM_Y_P2_004.jpg,Y
2441,Left_CAM_Y_P2_003.jpg,Y
2442,Left_CAM_Y_P2_002.jpg,Y
2443,Left_CAM_Y_P2_001.jpg,Y
2444,Left_CAM_Y_P1_008.jpg,Y
2445,Left_CAM_Y_P1_007.jpg,Y
2446,Left_CAM_Y_P1_006.jpg,Y
2447,Left_CAM_Y_P1_005.jpg,Y
2448,Left_CAM_Y_P1_004.jpg,Y
2449,Left_CAM_Y_P1_003.jpg,Y
2450,Left_CAM_Y_P1_002.jpg,Y
2451,Left_CAM_Y_P1_001.jpg,Y
2452,Left_CAM_Z_P4_008.jpg,Z
2453,Left_CAM_Z_P4_007.jpg,Z
2454,Left_CAM_Z_P4_006.jpg,Z
2455,Left_CAM_Z_P4_005.jpg,Z
2456,Left_CAM_Z_P4_004.jpg,Z
2457,Left_CAM_Z_P4_003.jpg,Z
2458,Left_CAM_Z_P4_002.jpg,Z
2459,Left_CAM_Z_P4_001.jpg,Z
2460,Left_CAM_Z_P3_008.jpg,Z
2461,Left_CAM_Z_P3_007.jpg,Z
2462,Left_CAM_Z_P3_006.jpg,Z
2463,Left_CAM_Z_P3_005.jpg,Z
2464,Left_CAM_Z_P3_004.jpg,Z
2465,Left_CAM_Z_P3_003.jpg,Z
2466,Left_CAM_Z_P3_002.jpg,Z
2467,Left_CAM_Z_P3_001.jpg,Z
2468,Left_CAM_Z_P2_008.jpg,Z
2469,Left_CAM_Z_P2_007.jpg,Z
2470,Left_CAM_Z_P2_006.jpg,Z
2471,Left_CAM_Z_P2_005.jpg,Z
2472,Left_CAM_Z_P2_004.jpg,Z
2473,Left_CAM_Z_P2_003.jpg,Z
2474,Left_CAM_Z_P2_002.jpg,Z
2475,Left_CAM_Z_P2_001.jpg,Z
2476,Left_CAM_Z_P1_008.jpg,Z
2477,Left_CAM_Z_P1_007.jpg,Z
2478,Left_CAM_Z_P1_006.jpg,Z
2479,Left_CAM_Z_P1_005.jpg,Z
2480,Left_CAM_Z_P1_004.jpg,Z
2481,Left_CAM_Z_P1_003.jpg,Z
2482,Left_CAM_Z_P1_002.jpg,Z
2483,Left_CAM_Z_P1_001.jpg,Z
2484,Below_CAM_A_P1_001.jpg,A
2485,Below_CAM_A_P1_002.jpg,A
2486,Below_CAM_A_P4_008.jpg,A
2487,Below_CAM_A_P4_007.jpg,A
2488,Below_CAM_A_P4_006.jpg,A
2489,Below_CAM_A_P4_005.jpg,A
2490,Below_CAM_A_P4_004.jpg,A
2491,Below_CAM_A_P4_003.jpg,A
2492,Below_CAM_A_P4_002.jpg,A
2493,Below_CAM_A_P4_001.jpg,A
2494,Below_CAM_A_P3_008.jpg,A
2495,Below_CAM_A_P3_007.jpg,A
2496,Below_CAM_A_P3_006.jpg,A
2497,Below_CAM_A_P3_005.jpg,A
2498,Below_CAM_A_P3_004.jpg,A
2499,Below_CAM_A_P3_003.jpg,A
2500,Below_CAM_A_P3_002.jpg,A
2501,Below_CAM_A_P3_001.jpg,A
2502,Below_CAM_A_P2_008.jpg,A
2503,Below_CAM_A_P2_007.jpg,A
2504,Below_CAM_A_P2_006.jpg,A
2505,Below_CAM_A_P2_005.jpg,A
2506,Below_CAM_A_P2_004.jpg,A
2507,Below_CAM_A_P2_003.jpg,A
2508,Below_CAM_A_P2_002.jpg,A
2509,Below_CAM_A_P2_001.jpg,A
2510,Below_CAM_A_P1_008.jpg,A
2511,Below_CAM_A_P1_007.jpg,A
2512,Below_CAM_A_P1_006.jpg,A
2513,Below_CAM_A_P1_005.jpg,A
2514,Below_CAM_A_P1_004.jpg,A
2515,Below_CAM_A_P1_003.jpg,A
2516,Below_CAM_B_P4_008.jpg,B
2517,Below_CAM_B_P4_007.jpg,B
2518,Below_CAM_B_P4_006.jpg,B
2519,Below_CAM_B_P4_005.jpg,B
2520,Below_CAM_B_P4_004.jpg,B
2521,Below_CAM_B_P4_003.jpg,B
2522,Below_CAM_B_P4_002.jpg,B
2523,Below_CAM_B_P4_001.jpg,B
2524,Below_CAM_B_P3_008.jpg,B
2525,Below_CAM_B_P3_007.jpg,B
2526,Below_CAM_B_P3_006.jpg,B
2527,Below_CAM_B_P3_005.jpg,B
2528,Below_CAM_B_P3_004.jpg,B
2529,Below_CAM_B_P3_003.jpg,B
2530,Below_CAM_B_P3_002.jpg,B
2531,Below_CAM_B_P3_001.jpg,B
2532,Below_CAM_B_P2_008.jpg,B
2533,Below_CAM_B_P2_007.jpg,B
2534,Below_CAM_B_P2_005.jpg,B
2535,Below_CAM_B_P2_004.jpg,B
2536,Below_CAM_B_P2_003.jpg,B
2537,Below_CAM_B_P2_002.jpg,B
2538,Below_CAM_B_P2_001.jpg,B
2539,Below_CAM_B_P1_007.jpg,B
2540,Below_CAM_B_P1_006.jpg,B
2541,Below_CAM_B_P1_005.jpg,B
2542,Below_CAM_B_P1_004.jpg,B
2543,Below_CAM_B_P1_008.jpg,B
2544,Below_CAM_B_P1_003.jpg,B
2545,Below_CAM_B_P1_002.jpg,B
2546,Below_CAM_B_P1_001.jpg,B
2547,Below_CAM_C_P4_008.jpg,C
2548,Below_CAM_C_P4_007.jpg,C
2549,Below_CAM_C_P4_006.jpg,C
2550,Below_CAM_C_P4_005.jpg,C
2551,Below_CAM_C_P4_004.jpg,C
2552,Below_CAM_C_P4_003.jpg,C
2553,Below_CAM_C_P4_002.jpg,C
2554,Below_CAM_C_P4_001.jpg,C
2555,Below_CAM_C_P3_008.jpg,C
2556,Below_CAM_C_P3_007.jpg,C
2557,Below_CAM_C_P3_006.jpg,C
2558,Below_CAM_C_P3_005.jpg,C
2559,Below_CAM_C_P3_004.jpg,C
2560,Below_CAM_C_P3_003.jpg,C
2561,Below_CAM_C_P3_002.jpg,C
2562,Below_CAM_C_P3_001.jpg,C
2563,Below_CAM_C_P2_008.jpg,C
2564,Below_CAM_C_P2_007.jpg,C
2565,Below_CAM_C_P2_006.jpg,C
2566,Below_CAM_C_P2_005.jpg,C
2567,Below_CAM_C_P2_004.jpg,C
2568,Below_CAM_C_P2_003.jpg,C
2569,Below_CAM_C_P2_002.jpg,C
2570,Below_CAM_C_P2_001.jpg,C
2571,Below_CAM_C_P1_007.jpg,C
2572,Below_CAM_C_P1_006.jpg,C
2573,Below_CAM_C_P1_005.jpg,C
2574,Below_CAM_C_P1_008.jpg,C
2575,Below_CAM_C_P1_004.jpg,C
2576,Below_CAM_C_P1_003.jpg,C
2577,Below_CAM_C_P1_002.jpg,C
2578,Below_CAM_C_P1_001.jpg,C
2579,Below_CAM_D_P4_008.jpg,D
2580,Below_CAM_D_P4_007.jpg,D
2581,Below_CAM_D_P4_006.jpg,D
2582,Below_CAM_D_P4_005.jpg,D
2583,Below_CAM_D_P4_004.jpg,D
2584,Below_CAM_D_P4_003.jpg,D
2585,Below_CAM_D_P4_002.jpg,D
2586,Below_CAM_D_P4_001.jpg,D
2587,Below_CAM_D_P3_007.jpg,D
2588,Below_CAM_D_P3_006.jpg,D
2589,Below_CAM_D_P3_005.jpg,D
2590,Below_CAM_D_P3_004.jpg,D
2591,Below_CAM_D_P3_003.jpg,D
2592,Below_CAM_D_P3_002.jpg,D
2593,Below_CAM_D_P3_001.jpg,D
2594,Below_CAM_D_P2_008.jpg,D
2595,Below_CAM_D_P2_007.jpg,D
2596,Below_CAM_D_P2_006.jpg,D
2597,Below_CAM_D_P2_005.jpg,D
2598,Below_CAM_D_P2_004.jpg,D
2599,Below_CAM_D_P2_003.jpg,D
2600,Below_CAM_D_P2_002.jpg,D
2601,Below_CAM_D_P2_001.jpg,D
2602,Below_CAM_D_P1_008.jpg,D
2603,Below_CAM_D_P1_007.jpg,D
2604,Below_CAM_D_P1_006.jpg,D
2605,Below_CAM_D_P1_005.jpg,D
2606,Below_CAM_D_P1_004.jpg,D
2607,Below_CAM_D_P1_003.jpg,D
2608,Below_CAM_D_P1_002.jpg,D
2609,Below_CAM_D_P1_001.jpg,D
2610,Below_CAM_D_P3_008.jpg,D
2611,Below_CAM_E_P4_008.jpg,E
2612,Below_CAM_E_P4_007.jpg,E
2613,Below_CAM_E_P4_006.jpg,E
2614,Below_CAM_E_P4_005.jpg,E
2615,Below_CAM_E_P4_004.jpg,E
2616,Below_CAM_E_P4_003.jpg,E
2617,Below_CAM_E_P4_002.jpg,E
2618,Below_CAM_E_P4_001.jpg,E
2619,Below_CAM_E_P3_008.jpg,E
2620,Below_CAM_E_P3_007.jpg,E
2621,Below_CAM_E_P3_006.jpg,E
2622,Below_CAM_E_P3_005.jpg,E
2623,Below_CAM_E_P3_004.jpg,E
2624,Below_CAM_E_P3_003.jpg,E
2625,Below_CAM_E_P3_002.jpg,E
2626,Below_CAM_E_P3_001.jpg,E
2627,Below_CAM_E_P2_008.jpg,E
2628,Below_CAM_E_P2_007.jpg,E
2629,Below_CAM_E_P2_006.jpg,E
2630,Below_CAM_E_P2_005.jpg,E
2631,Below_CAM_E_P2_004.jpg,E
2632,Below_CAM_E_P2_003.jpg,E
2633,Below_CAM_E_P2_002.jpg,E
2634,Below_CAM_E_P2_001.jpg,E
2635,Below_CAM_E_P1_008.jpg,E
2636,Below_CAM_E_P1_007.jpg,E
2637,Below_CAM_E_P1_006.jpg,E
2638,Below_CAM_E_P1_005.jpg,E
2639,Below_CAM_E_P1_004.jpg,E
2640,Below_CAM_E_P1_003.jpg,E
2641,Below_CAM_E_P1_002.jpg,E
2642,Below_CAM_E_P1_001.jpg,E
2643,Below_CAM_F_P4_008.jpg,F
2644,Below_CAM_F_P4_007.jpg,F
2645,Below_CAM_F_P4_006.jpg,F
2646,Below_CAM_F_P4_005.jpg,F
2647,Below_CAM_F_P4_004.jpg,F
2648,Below_CAM_F_P4_003.jpg,F
2649,Below_CAM_F_P4_002.jpg,F
2650,Below_CAM_F_P4_001.jpg,F
2651,Below_CAM_F_P3_008.jpg,F
2652,Below_CAM_F_P3_007.jpg,F
2653,Below_CAM_F_P3_006.jpg,F
2654,Below_CAM_F_P3_005.jpg,F
2655,Below_CAM_F_P3_004.jpg,F
2656,Below_CAM_F_P3_003.jpg,F
2657,Below_CAM_F_P3_002.jpg,F
2658,Below_CAM_F_P3_001.jpg,F
2659,Below_CAM_F_P2_008.jpg,F
2660,Below_CAM_F_P2_007.jpg,F
2661,Below_CAM_F_P2_006.jpg,F
2662,Below_CAM_F_P2_005.jpg,F
2663,Below_CAM_F_P2_004.jpg,F
2664,Below_CAM_F_P2_003.jpg,F
2665,Below_CAM_F_P2_002.jpg,F
2666,Below_CAM_F_P2_001.jpg,F
2667,Below_CAM_F_P1_009.jpg,F
2668,Below_CAM_F_P1_008.jpg,F
2669,Below_CAM_F_P1_007.jpg,F
2670,Below_CAM_F_P1_006.jpg,F
2671,Below_CAM_F_P1_005.jpg,F
2672,Below_CAM_F_P1_004.jpg,F
2673,Below_CAM_F_P1_003.jpg,F
2674,Below_CAM_F_P1_002.jpg,F
2675,Below_CAM_F_P1_001.jpg,F
2676,Below_CAM_G_P4_007.jpg,G
2677,Below_CAM_G_P4_006.jpg,G
2678,Below_CAM_G_P4_005.jpg,G
2679,Below_CAM_G_P4_004.jpg,G
2680,Below_CAM_G_P4_003.jpg,G
2681,Below_CAM_G_P4_002.jpg,G
2682,Below_CAM_G_P4_001.jpg,G
2683,Below_CAM_G_P3_009.jpg,G
2684,Below_CAM_G_P3_008.jpg,G
2685,Below_CAM_G_P3_007.jpg,G
2686,Below_CAM_G_P3_006.jpg,G
2687,Below_CAM_G_P3_005.jpg,G
2688,Below_CAM_G_P3_004.jpg,G
2689,Below_CAM_G_P3_003.jpg,G
2690,Below_CAM_G_P3_002.jpg,G
2691,Below_CAM_G_P3_001.jpg,G
2692,Below_CAM_G_P2_008.jpg,G
2693,Below_CAM_G_P2_007.jpg,G
2694,Below_CAM_G_P2_006.jpg,G
2695,Below_CAM_G_P2_005.jpg,G
2696,Below_CAM_G_P2_004.jpg,G
2697,Below_CAM_G_P2_003.jpg,G
2698,Below_CAM_G_P2_002.jpg,G
2699,Below_CAM_G_P2_001.jpg,G
2700,Below_CAM_G_P1_008.jpg,G
2701,Below_CAM_G_P1_007.jpg,G
2702,Below_CAM_G_P1_006.jpg,G
2703,Below_CAM_G_P1_005.jpg,G
2704,Below_CAM_G_P1_004.jpg,G
2705,Below_CAM_G_P1_003.jpg,G
2706,Below_CAM_G_P1_002.jpg,G
2707,Below_CAM_G_P1_001.jpg,G
2708,Below_CAM_H_P4_007.jpg,H
2709,Below_CAM_H_P4_006.jpg,H
2710,Below_CAM_H_P4_005.jpg,H
2711,Below_CAM_H_P4_004.jpg,H
2712,Below_CAM_H_P4_003.jpg,H
2713,Below_CAM_H_P4_002.jpg,H
2714,Below_CAM_H_P4_001.jpg,H
2715,Below_CAM_H_P3_009.jpg,H
2716,Below_CAM_H_P3_008.jpg,H
2717,Below_CAM_H_P3_007.jpg,H
2718,Below_CAM_H_P3_006.jpg,H
2719,Below_CAM_H_P3_005.jpg,H
2720,Below_CAM_H_P3_004.jpg,H
2721,Below_CAM_H_P3_003.jpg,H
2722,Below_CAM_H_P3_002.jpg,H
2723,Below_CAM_H_P3_001.jpg,H
2724,Below_CAM_H_P2_007.jpg,H
2725,Below_CAM_H_P2_006.jpg,H
2726,Below_CAM_H_P2_005.jpg,H
2727,Below_CAM_H_P2_004.jpg,H
2728,Below_CAM_H_P2_003.jpg,H
2729,Below_CAM_H_P2_002.jpg,H
2730,Below_CAM_H_P2_001.jpg,H
2731,Below_CAM_H_P1_008.jpg,H
2732,Below_CAM_H_P1_007.jpg,H
2733,Below_CAM_H_P1_006.jpg,H
2734,Below_CAM_H_P1_005.jpg,H
2735,Below_CAM_H_P1_004.jpg,H
2736,Below_CAM_H_P1_003.jpg,H
2737,Below_CAM_H_P1_002.jpg,H
2738,Below_CAM_H_P1_001.jpg,H
2739,Below_CAM_I_P4_008.jpg,I
2740,Below_CAM_I_P4_007.jpg,I
2741,Below_CAM_I_P4_006.jpg,I
2742,Below_CAM_I_P4_005.jpg,I
2743,Below_CAM_I_P4_004.jpg,I
2744,Below_CAM_I_P4_003.jpg,I
2745,Below_CAM_I_P4_002.jpg,I
2746,Below_CAM_I_P4_001.jpg,I
2747,Below_CAM_I_P3_009.jpg,I
2748,Below_CAM_I_P3_008.jpg,I
2749,Below_CAM_I_P3_007.jpg,I
2750,Below_CAM_I_P3_006.jpg,I
2751,Below_CAM_I_P3_005.jpg,I
2752,Below_CAM_I_P3_004.jpg,I
2753,Below_CAM_I_P3_003.jpg,I
2754,Below_CAM_I_P3_002.jpg,I
2755,Below_CAM_I_P3_001.jpg,I
2756,Below_CAM_I_P2_008.jpg,I
2757,Below_CAM_I_P2_007.jpg,I
2758,Below_CAM_I_P2_006.jpg,I
2759,Below_CAM_I_P2_005.jpg,I
2760,Below_CAM_I_P2_004.jpg,I
2761,Below_CAM_I_P2_003.jpg,I
2762,Below_CAM_I_P2_002.jpg,I
2763,Below_CAM_I_P2_001.jpg,I
2764,Below_CAM_I_P1_008.jpg,I
2765,Below_CAM_I_P1_007.jpg,I
2766,Below_CAM_I_P1_006.jpg,I
2767,Below_CAM_I_P1_005.jpg,I
2768,Below_CAM_I_P1_004.jpg,I
2769,Below_CAM_I_P1_003.jpg,I
2770,Below_CAM_I_P1_002.jpg,I
2771,Below_CAM_I_P1_001.jpg,I
2772,Below_CAM_J_P4_008.jpg,J
2773,Below_CAM_J_P4_007.jpg,J
2774,Below_CAM_J_P4_006.jpg,J
2775,Below_CAM_J_P4_005.jpg,J
2776,Below_CAM_J_P4_004.jpg,J
2777,Below_CAM_J_P4_003.jpg,J
2778,Below_CAM_J_P4_002.jpg,J
2779,Below_CAM_J_P4_001.jpg,J
2780,Below_CAM_J_P3_008.jpg,J
2781,Below_CAM_J_P3_007.jpg,J
2782,Below_CAM_J_P3_006.jpg,J
2783,Below_CAM_J_P3_005.jpg,J
2784,Below_CAM_J_P3_004.jpg,J
2785,Below_CAM_J_P3_003.jpg,J
2786,Below_CAM_J_P3_002.jpg,J
2787,Below_CAM_J_P3_001.jpg,J
2788,Below_CAM_J_P2_008.jpg,J
2789,Below_CAM_J_P2_007.jpg,J
2790,Below_CAM_J_P2_006.jpg,J
2791,Below_CAM_J_P2_005.jpg,J
2792,Below_CAM_J_P2_004.jpg,J
2793,Below_CAM_J_P2_003.jpg,J
2794,Below_CAM_J_P2_002.jpg,J
2795,Below_CAM_J_P2_001.jpg,J
2796,Below_CAM_J_P1_008.jpg,J
2797,Below_CAM_J_P1_007.jpg,J
2798,Below_CAM_J_P1_006.jpg,J
2799,Below_CAM_J_P1_005.jpg,J
2800,Below_CAM_J_P1_004.jpg,J
2801,Below_CAM_J_P1_003.jpg,J
2802,Below_CAM_J_P1_002.jpg,J
2803,Below_CAM_J_P1_001.jpg,J
2804,Below_CAM_K_P4_008.jpg,K
2805,Below_CAM_K_P4_007.jpg,K
2806,Below_CAM_K_P4_006.jpg,K
2807,Below_CAM_K_P4_005.jpg,K
2808,Below_CAM_K_P4_004.jpg,K
2809,Below_CAM_K_P4_003.jpg,K
2810,Below_CAM_K_P4_002.jpg,K
2811,Below_CAM_K_P4_001.jpg,K
2812,Below_CAM_K_P3_008.jpg,K
2813,Below_CAM_K_P3_007.jpg,K
2814,Below_CAM_K_P3_006.jpg,K
2815,Below_CAM_K_P3_005.jpg,K
2816,Below_CAM_K_P3_004.jpg,K
2817,Below_CAM_K_P3_003.jpg,K
2818,Below_CAM_K_P3_002.jpg,K
2819,Below_CAM_K_P3_001.jpg,K
2820,Below_CAM_K_P2_008.jpg,K
2821,Below_CAM_K_P2_007.jpg,K
2822,Below_CAM_K_P2_006.jpg,K
2823,Below_CAM_K_P2_005.jpg,K
2824,Below_CAM_K_P2_004.jpg,K
2825,Below_CAM_K_P2_003.jpg,K
2826,Below_CAM_K_P2_002.jpg,K
2827,Below_CAM_K_P2_001.jpg,K
2828,Below_CAM_K_P1_008.jpg,K
2829,Below_CAM_K_P1_007.jpg,K
2830,Below_CAM_K_P1_006.jpg,K
2831,Below_CAM_K_P1_005.jpg,K
2832,Below_CAM_K_P1_004.jpg,K
2833,Below_CAM_K_P1_003.jpg,K
2834,Below_CAM_K_P1_002.jpg,K
2835,Below_CAM_K_P1_001.jpg,K
2836,Below_CAM_L_P4_008.jpg,L
2837,Below_CAM_L_P4_007.jpg,L
2838,Below_CAM_L_P4_006.jpg,L
2839,Below_CAM_L_P4_005.jpg,L
2840,Below_CAM_L_P4_004.jpg,L
2841,Below_CAM_L_P4_003.jpg,L
2842,Below_CAM_L_P4_002.jpg,L
2843,Below_CAM_L_P4_001.jpg,L
2844,Below_CAM_L_P3_008.jpg,L
2845,Below_CAM_L_P3_007.jpg,L
2846,Below_CAM_L_P3_006.jpg,L
2847,Below_CAM_L_P3_005.jpg,L
2848,Below_CAM_L_P3_004.jpg,L
2849,Below_CAM_L_P3_003.jpg,L
2850,Below_CAM_L_P3_002.jpg,L
2851,Below_CAM_L_P3_001.jpg,L
2852,Below_CAM_L_P2_008.jpg,L
2853,Below_CAM_L_P2_007.jpg,L
2854,Below_CAM_L_P2_006.jpg,L
2855,Below_CAM_L_P2_005.jpg,L
2856,Below_CAM_L_P2_004.jpg,L
2857,Below_CAM_L_P2_003.jpg,L
2858,Below_CAM_L_P2_002.jpg,L
2859,Below_CAM_L_P2_001.jpg,L
2860,Below_CAM_L_P1_008.jpg,L
2861,Below_CAM_L_P1_007.jpg,L
2862,Below_CAM_L_P1_006.jpg,L
2863,Below_CAM_L_P1_005.jpg,L
2864,Below_CAM_L_P1_004.jpg,L
2865,Below_CAM_L_P1_003.jpg,L
2866,Below_CAM_L_P1_002.jpg,L
2867,Below_CAM_L_P1_001.jpg,L
2868,Below_CAM_M_P4_008.jpg,M
2869,Below_CAM_M_P4_007.jpg,M
2870,Below_CAM_M_P4_006.jpg,M
2871,Below_CAM_M_P4_005.jpg,M
2872,Below_CAM_M_P4_004.jpg,M
2873,Below_CAM_M_P4_003.jpg,M
2874,Below_CAM_M_P4_002.jpg,M
2875,Below_CAM_M_P4_001.jpg,M
2876,Below_CAM_M_P3_008.jpg,M
2877,Below_CAM_M_P3_007.jpg,M
2878,Below_CAM_M_P3_006.jpg,M
2879,Below_CAM_M_P3_005.jpg,M
2880,Below_CAM_M_P3_004.jpg,M
2881,Below_CAM_M_P3_003.jpg,M
2882,Below_CAM_M_P3_002.jpg,M
2883,Below_CAM_M_P3_001.jpg,M
2884,Below_CAM_M_P2_008.jpg,M
2885,Below_CAM_M_P2_007.jpg,M
2886,Below_CAM_M_P2_006.jpg,M
2887,Below_CAM_M_P2_005.jpg,M
2888,Below_CAM_M_P2_004.jpg,M
2889,Below_CAM_M_P2_003.jpg,M
2890,Below_CAM_M_P2_002.jpg,M
2891,Below_CAM_M_P2_001.jpg,M
2892,Below_CAM_M_P1_008.jpg,M
2893,Below_CAM_M_P1_007.jpg,M
2894,Below_CAM_M_P1_006.jpg,M
2895,Below_CAM_M_P1_005.jpg,M
2896,Below_CAM_M_P1_004.jpg,M
2897,Below_CAM_M_P1_003.jpg,M
2898,Below_CAM_M_P1_002.jpg,M
2899,Below_CAM_M_P1_001.jpg,M
2900,Below_CAM_N_P4_008.jpg,N
2901,Below_CAM_N_P4_007.jpg,N
2902,Below_CAM_N_P4_006.jpg,N
2903,Below_CAM_N_P4_005.jpg,N
2904,Below_CAM_N_P4_004.jpg,N
2905,Below_CAM_N_P4_003.jpg,N
2906,Below_CAM_N_P4_002.jpg,N
2907,Below_CAM_N_P4_001.jpg,N
2908,Below_CAM_N_P3_008.jpg,N
2909,Below_CAM_N_P3_007.jpg,N
2910,Below_CAM_N_P3_006.jpg,N
2911,Below_CAM_N_P3_005.jpg,N
2912,Below_CAM_N_P3_004.jpg,N
2913,Below_CAM_N_P3_003.jpg,N
2914,Below_CAM_N_P3_002.jpg,N
2915,Below_CAM_N_P3_001.jpg,N
2916,Below_CAM_N_P2_008.jpg,N
2917,Below_CAM_N_P2_007.jpg,N
2918,Below_CAM_N_P2_006.jpg,N
2919,Below_CAM_N_P2_005.jpg,N
2920,Below_CAM_N_P2_004.jpg,N
2921,Below_CAM_N_P2_003.jpg,N
2922,Below_CAM_N_P2_002.jpg,N
2923,Below_CAM_N_P2_001.jpg,N
2924,Below_CAM_N_P1_008.jpg,N
2925,Below_CAM_N_P1_007.jpg,N
2926,Below_CAM_N_P1_006.jpg,N
2927,Below_CAM_N_P1_005.jpg,N
2928,Below_CAM_N_P1_004.jpg,N
2929,Below_CAM_N_P1_003.jpg,N
2930,Below_CAM_N_P1_002.jpg,N
2931,Below_CAM_N_P1_001.jpg,N
2932,Below_CAM_O_P4_008.jpg,O
2933,Below_CAM_O_P4_007.jpg,O
2934,Below_CAM_O_P4_006.jpg,O
2935,Below_CAM_O_P4_005.jpg,O
2936,Below_CAM_O_P4_004.jpg,O
2937,Below_CAM_O_P4_003.jpg,O
2938,Below_CAM_O_P4_002.jpg,O
2939,Below_CAM_O_P4_001.jpg,O
2940,Below_CAM_O_P3_008.jpg,O
2941,Below_CAM_O_P3_007.jpg,O
2942,Below_CAM_O_P3_006.jpg,O
2943,Below_CAM_O_P3_005.jpg,O
2944,Below_CAM_O_P3_004.jpg,O
2945,Below_CAM_O_P3_003.jpg,O
2946,Below_CAM_O_P3_002.jpg,O
2947,Below_CAM_O_P2_008.jpg,O
2948,Below_CAM_O_P2_007.jpg,O
2949,Below_CAM_O_P2_006.jpg,O
2950,Below_CAM_O_P2_005.jpg,O
2951,Below_CAM_O_P2_004.jpg,O
2952,Below_CAM_O_P2_002.jpg,O
2953,Below_CAM_O_P2_001.jpg,O
2954,Below_CAM_O_P1_008.jpg,O
2955,Below_CAM_O_P1_007.jpg,O
2956,Below_CAM_O_P1_006.jpg,O
2957,Below_CAM_O_P1_005.jpg,O
2958,Below_CAM_O_P1_004.jpg,O
2959,Below_CAM_O_P1_003.jpg,O
2960,Below_CAM_O_P1_002.jpg,O
2961,Below_CAM_O_P1_001.jpg,O
2962,Below_CAM_O_P3_001.jpg,O
2963,Below_CAM_P_P4_008.jpg,P
2964,Below_CAM_P_P4_007.jpg,P
2965,Below_CAM_P_P4_006.jpg,P
2966,Below_CAM_P_P4_005.jpg,P
2967,Below_CAM_P_P4_004.jpg,P
2968,Below_CAM_P_P4_003.jpg,P
2969,Below_CAM_P_P4_002.jpg,P
2970,Below_CAM_P_P4_001.jpg,P
2971,Below_CAM_P_P3_008.jpg,P
2972,Below_CAM_P_P3_007.jpg,P
2973,Below_CAM_P_P3_006.jpg,P
2974,Below_CAM_P_P3_005.jpg,P
2975,Below_CAM_P_P3_004.jpg,P
2976,Below_CAM_P_P3_003.jpg,P
2977,Below_CAM_P_P3_002.jpg,P
2978,Below_CAM_P_P3_001.jpg,P
2979,Below_CAM_P_P2_008.jpg,P
2980,Below_CAM_P_P2_007.jpg,P
2981,Below_CAM_P_P2_006.jpg,P
2982,Below_CAM_P_P2_005.jpg,P
2983,Below_CAM_P_P2_004.jpg,P
2984,Below_CAM_P_P2_003.jpg,P
2985,Below_CAM_P_P2_002.jpg,P
2986,Below_CAM_P_P2_001.jpg,P
2987,Below_CAM_P_P1_008.jpg,P
2988,Below_CAM_P_P1_007.jpg,P
2989,Below_CAM_P_P1_006.jpg,P
2990,Below_CAM_P_P1_005.jpg,P
2991,Below_CAM_P_P1_004.jpg,P
2992,Below_CAM_P_P1_003.jpg,P
2993,Below_CAM_P_P1_002.jpg,P
2994,Below_CAM_P_P1_001.jpg,P
2995,Below_CAM_Q_P4_008.jpg,Q
2996,Below_CAM_Q_P4_007.jpg,Q
2997,Below_CAM_Q_P4_006.jpg,Q
2998,Below_CAM_Q_P4_005.jpg,Q
2999,Below_CAM_Q_P4_004.jpg,Q
3000,Below_CAM_Q_P4_003.jpg,Q
3001,Below_CAM_Q_P4_002.jpg,Q
3002,Below_CAM_Q_P4_001.jpg,Q
3003,Below_CAM_Q_P3_008.jpg,Q
3004,Below_CAM_Q_P3_007.jpg,Q
3005,Below_CAM_Q_P3_006.jpg,Q
3006,Below_CAM_Q_P3_005.jpg,Q
3007,Below_CAM_Q_P3_004.jpg,Q
3008,Below_CAM_Q_P3_003.jpg,Q
3009,Below_CAM_Q_P3_002.jpg,Q
3010,Below_CAM_Q_P3_001.jpg,Q
3011,Below_CAM_Q_P2_008.jpg,Q
3012,Below_CAM_Q_P2_007.jpg,Q
3013,Below_CAM_Q_P2_006.jpg,Q
3014,Below_CAM_Q_P2_005.jpg,Q
3015,Below_CAM_Q_P2_004.jpg,Q
3016,Below_CAM_Q_P2_003.jpg,Q
3017,Below_CAM_Q_P2_002.jpg,Q
3018,Below_CAM_Q_P2_001.jpg,Q
3019,Below_CAM_Q_P1_001.jpg,Q
3020,Below_CAM_Q_P1_002.jpg,Q
3021,Below_CAM_Q_P1_008.jpg,Q
3022,Below_CAM_Q_P1_007.jpg,Q
3023,Below_CAM_Q_P1_006.jpg,Q
3024,Below_CAM_Q_P1_005.jpg,Q
3025,Below_CAM_Q_P1_004.jpg,Q
3026,Below_CAM_Q_P1_003.jpg,Q
3027,Below_CAM_R_P4_008.jpg,R
3028,Below_CAM_R_P4_007.jpg,R
3029,Below_CAM_R_P4_006.jpg,R
3030,Below_CAM_R_P4_005.jpg,R
3031,Below_CAM_R_P4_004.jpg,R
3032,Below_CAM_R_P4_003.jpg,R
3033,Below_CAM_R_P4_002.jpg,R
3034,Below_CAM_R_P4_001.jpg,R
3035,Below_CAM_R_P3_008.jpg,R
3036,Below_CAM_R_P3_007.jpg,R
3037,Below_CAM_R_P3_006.jpg,R
3038,Below_CAM_R_P3_004.jpg,R
3039,Below_CAM_R_P3_003.jpg,R
3040,Below_CAM_R_P3_002.jpg,R
3041,Below_CAM_R_P3_001.jpg,R
3042,Below_CAM_R_P2_008.jpg,R
3043,Below_CAM_R_P2_007.jpg,R
3044,Below_CAM_R_P2_006.jpg,R
3045,Below_CAM_R_P2_005.jpg,R
3046,Below_CAM_R_P2_004.jpg,R
3047,Below_CAM_R_P2_003.jpg,R
3048,Below_CAM_R_P2_002.jpg,R
3049,Below_CAM_R_P1_008.jpg,R
3050,Below_CAM_R_P1_007.jpg,R
3051,Below_CAM_R_P1_006.jpg,R
3052,Below_CAM_R_P1_005.jpg,R
3053,Below_CAM_R_P1_001.jpg,R
3054,Below_CAM_R_P1_004.jpg,R
3055,Below_CAM_R_P1_003.jpg,R
3056,Below_CAM_R_P1_002.jpg,R
3057,Below_CAM_S_P4_008.jpg,S
3058,Below_CAM_S_P4_007.jpg,S
3059,Below_CAM_S_P4_006.jpg,S
3060,Below_CAM_S_P4_005.jpg,S
3061,Below_CAM_S_P4_004.jpg,S
3062,Below_CAM_S_P4_003.jpg,S
3063,Below_CAM_S_P4_002.jpg,S
3064,Below_CAM_S_P4_001.jpg,S
3065,Below_CAM_S_P3_008.jpg,S
3066,Below_CAM_S_P3_007.jpg,S
3067,Below_CAM_S_P3_006.jpg,S
3068,Below_CAM_S_P3_005.jpg,S
3069,Below_CAM_S_P3_004.jpg,S
3070,Below_CAM_S_P3_003.jpg,S
3071,Below_CAM_S_P3_001.jpg,S
3072,Below_CAM_S_P2_008.jpg,S
3073,Below_CAM_S_P2_007.jpg,S
3074,Below_CAM_S_P2_006.jpg,S
3075,Below_CAM_S_P2_005.jpg,S
3076,Below_CAM_S_P2_004.jpg,S
3077,Below_CAM_S_P2_003.jpg,S
3078,Below_CAM_S_P2_002.jpg,S
3079,Below_CAM_S_P2_001.jpg,S
3080,Below_CAM_S_P1_008.jpg,S
3081,Below_CAM_S_P1_007.jpg,S
3082,Below_CAM_S_P1_006.jpg,S
3083,Below_CAM_S_P1_005.jpg,S
3084,Below_CAM_S_P1_004.jpg,S
3085,Below_CAM_S_P1_003.jpg,S
3086,Below_CAM_S_P1_002.jpg,S
3087,Below_CAM_S_P1_001.jpg,S
3088,Below_CAM_T_P4_008.jpg,T
3089,Below_CAM_T_P4_007.jpg,T
3090,Below_CAM_T_P4_006.jpg,T
3091,Below_CAM_T_P4_005.jpg,T
3092,Below_CAM_T_P4_004.jpg,T
3093,Below_CAM_T_P4_003.jpg,T
3094,Below_CAM_T_P4_002.jpg,T
3095,Below_CAM_T_P4_001.jpg,T
3096,Below_CAM_T_P3_008.jpg,T
3097,Below_CAM_T_P3_007.jpg,T
3098,Below_CAM_T_P3_006.jpg,T
3099,Below_CAM_T_P3_005.jpg,T
3100,Below_CAM_T_P3_004.jpg,T
3101,Below_CAM_T_P3_003.jpg,T
3102,Below_CAM_T_P3_002.jpg,T
3103,Below_CAM_T_P3_001.jpg,T
3104,Below_CAM_T_P2_008.jpg,T
3105,Below_CAM_T_P2_007.jpg,T
3106,Below_CAM_T_P2_006.jpg,T
3107,Below_CAM_T_P2_005.jpg,T
3108,Below_CAM_T_P2_004.jpg,T
3109,Below_CAM_T_P2_003.jpg,T
3110,Below_CAM_T_P2_002.jpg,T
3111,Below_CAM_T_P2_001.jpg,T
3112,Below_CAM_T_P1_008.jpg,T
3113,Below_CAM_T_P1_007.jpg,T
3114,Below_CAM_T_P1_006.jpg,T
3115,Below_CAM_T_P1_005.jpg,T
3116,Below_CAM_T_P1_004.jpg,T
3117,Below_CAM_T_P1_003.jpg,T
3118,Below_CAM_T_P1_002.jpg,T
3119,Below_CAM_T_P1_001.jpg,T
3120,Below_CAM_U_P4_007.jpg,U
3121,Below_CAM_U_P4_006.jpg,U
3122,Below_CAM_U_P4_005.jpg,U
3123,Below_CAM_U_P4_004.jpg,U
3124,Below_CAM_U_P4_003.jpg,U
3125,Below_CAM_U_P4_008.jpg,U
3126,Below_CAM_U_P4_002.jpg,U
3127,Below_CAM_U_P4_001.jpg,U
3128,Below_CAM_U_P3_008.jpg,U
3129,Below_CAM_U_P3_007.jpg,U
3130,Below_CAM_U_P3_006.jpg,U
3131,Below_CAM_U_P3_005.jpg,U
3132,Below_CAM_U_P3_004.jpg,U
3133,Below_CAM_U_P3_003.jpg,U
3134,Below_CAM_U_P3_002.jpg,U
3135,Below_CAM_U_P3_001.jpg,U
3136,Below_CAM_U_P2_008.jpg,U
3137,Below_CAM_U_P2_007.jpg,U
3138,Below_CAM_U_P2_006.jpg,U
3139,Below_CAM_U_P2_005.jpg,U
3140,Below_CAM_U_P2_004.jpg,U
3141,Below_CAM_U_P2_003.jpg,U
3142,Below_CAM_U_P2_002.jpg,U
3143,Below_CAM_U_P2_001.jpg,U
3144,Below_CAM_U_P1_008.jpg,U
3145,Below_CAM_U_P1_007.jpg,U
3146,Below_CAM_U_P1_006.jpg,U
3147,Below_CAM_U_P1_005.jpg,U
3148,Below_CAM_U_P1_004.jpg,U
3149,Below_CAM_U_P1_003.jpg,U
3150,Below_CAM_U_P1_002.jpg,U
3151,Below_CAM_U_P1_001.jpg,U
3152,Below_CAM_V_P4_008.jpg,V
3153,Below_CAM_V_P4_007.jpg,V
3154,Below_CAM_V_P4_006.jpg,V
3155,Below_CAM_V_P4_005.jpg,V
3156,Below_CAM_V_P4_004.jpg,V
3157,Below_CAM_V_P4_003.jpg,V
3158,Below_CAM_V_P4_002.jpg,V
3159,Below_CAM_V_P4_001.jpg,V
3160,Below_CAM_V_P3_008.jpg,V
3161,Below_CAM_V_P3_007.jpg,V
3162,Below_CAM_V_P3_006.jpg,V
3163,Below_CAM_V_P3_005.jpg,V
3164,Below_CAM_V_P3_004.jpg,V
3165,Below_CAM_V_P3_003.jpg,V
3166,Below_CAM_V_P3_002.jpg,V
3167,Below_CAM_V_P3_001.jpg,V
3168,Below_CAM_V_P2_008.jpg,V
3169,Below_CAM_V_P2_007.jpg,V
3170,Below_CAM_V_P2_006.jpg,V
3171,Below_CAM_V_P2_005.jpg,V
3172,Below_CAM_V_P2_004.jpg,V
3173,Below_CAM_V_P2_003.jpg,V
3174,Below_CAM_V_P2_002.jpg,V
3175,Below_CAM_V_P2_001.jpg,V
3176,Below_CAM_V_P1_008.jpg,V
3177,Below_CAM_V_P1_007.jpg,V
3178,Below_CAM_V_P1_006.jpg,V
3179,Below_CAM_V_P1_005.jpg,V
3180,Below_CAM_V_P1_004.jpg,V
3181,Below_CAM_V_P1_003.jpg,V
3182,Below_CAM_V_P1_002.jpg,V
3183,Below_CAM_V_P1_001.jpg,V
3184,Below_CAM_W_P4_008.jpg,W
3185,Below_CAM_W_P4_007.jpg,W
3186,Below_CAM_W_P4_006.jpg,W
3187,Below_CAM_W_P4_004.jpg,W
3188,Below_CAM_W_P4_003.jpg,W
3189,Below_CAM_W_P4_002.jpg,W
3190,Below_CAM_W_P4_001.jpg,W
3191,Below_CAM_W_P3_008.jpg,W
3192,Below_CAM_W_P3_007.jpg,W
3193,Below_CAM_W_P3_006.jpg,W
3194,Below_CAM_W_P3_005.jpg,W
3195,Below_CAM_W_P3_004.jpg,W
3196,Below_CAM_W_P3_003.jpg,W
3197,Below_CAM_W_P3_002.jpg,W
3198,Below_CAM_W_P3_001.jpg,W
3199,Below_CAM_W_P2_008.jpg,W
3200,Below_CAM_W_P2_007.jpg,W
3201,Below_CAM_W_P2_006.jpg,W
3202,Below_CAM_W_P2_005.jpg,W
3203,Below_CAM_W_P2_004.jpg,W
3204,Below_CAM_W_P2_003.jpg,W
3205,Below_CAM_W_P2_002.jpg,W
3206,Below_CAM_W_P2_001.jpg,W
3207,Below_CAM_W_P1_008.jpg,W
3208,Below_CAM_W_P1_007.jpg,W
3209,Below_CAM_W_P1_006.jpg,W
3210,Below_CAM_W_P1_005.jpg,W
3211,Below_CAM_W_P1_004.jpg,W
3212,Below_CAM_W_P1_003.jpg,W
3213,Below_CAM_W_P1_002.jpg,W
3214,Below_CAM_W_P1_001.jpg,W
3215,Below_CAM_X_P4_008.jpg,X
3216,Below_CAM_X_P4_007.jpg,X
3217,Below_CAM_X_P4_006.jpg,X
3218,Below_CAM_X_P4_005.jpg,X
3219,Below_CAM_X_P4_004.jpg,X
3220,Below_CAM_X_P4_003.jpg,X
3221,Below_CAM_X_P4_002.jpg,X
3222,Below_CAM_X_P4_001.jpg,X
3223,Below_CAM_X_P3_008.jpg,X
3224,Below_CAM_X_P3_007.jpg,X
3225,Below_CAM_X_P3_006.jpg,X
3226,Below_CAM_X_P3_005.jpg,X
3227,Below_CAM_X_P3_004.jpg,X
3228,Below_CAM_X_P3_003.jpg,X
3229,Below_CAM_X_P3_002.jpg,X
3230,Below_CAM_X_P3_001.jpg,X
3231,Below_CAM_X_P2_008.jpg,X
3232,Below_CAM_X_P2_007.jpg,X
3233,Below_CAM_X_P2_006.jpg,X
3234,Below_CAM_X_P2_005.jpg,X
3235,Below_CAM_X_P2_004.jpg,X
3236,Below_CAM_X_P2_003.jpg,X
3237,Below_CAM_X_P2_002.jpg,X
3238,Below_CAM_X_P2_001.jpg,X
3239,Below_CAM_X_P1_008.jpg,X
3240,Below_CAM_X_P1_006.jpg,X
3241,Below_CAM_X_P1_005.jpg,X
3242,Below_CAM_X_P1_004.jpg,X
3243,Below_CAM_X_P1_003.jpg,X
3244,Below_CAM_X_P1_007.jpg,X
3245,Below_CAM_X_P1_002.jpg,X
3246,Below_CAM_X_P1_001.jpg,X
3247,Below_CAM_Y_P4_008.jpg,Y
3248,Below_CAM_Y_P4_007.jpg,Y
3249,Below_CAM_Y_P4_006.jpg,Y
3250,Below_CAM_Y_P4_005.jpg,Y
3251,Below_CAM_Y_P4_004.jpg,Y
3252,Below_CAM_Y_P4_003.jpg,Y
3253,Below_CAM_Y_P4_002.jpg,Y
3254,Below_CAM_Y_P4_001.jpg,Y
3255,Below_CAM_Y_P3_008.jpg,Y
3256,Below_CAM_Y_P3_007.jpg,Y
3257,Below_CAM_Y_P3_006.jpg,Y
3258,Below_CAM_Y_P3_005.jpg,Y
3259,Below_CAM_Y_P3_004.jpg,Y
3260,Below_CAM_Y_P3_003.jpg,Y
3261,Below_CAM_Y_P3_002.jpg,Y
3262,Below_CAM_Y_P3_001.jpg,Y
3263,Below_CAM_Y_P2_008.jpg,Y
3264,Below_CAM_Y_P2_007.jpg,Y
3265,Below_CAM_Y_P2_006.jpg,Y
3266,Below_CAM_Y_P2_005.jpg,Y
3267,Below_CAM_Y_P2_004.jpg,Y
3268,Below_CAM_Y_P2_003.jpg,Y
3269,Below_CAM_Y_P2_002.jpg,Y
3270,Below_CAM_Y_P2_001.jpg,Y
3271,Below_CAM_Y_P1_008.jpg,Y
3272,Below_CAM_Y_P1_007.jpg,Y
3273,Below_CAM_Y_P1_006.jpg,Y
3274,Below_CAM_Y_P1_005.jpg,Y
3275,Below_CAM_Y_P1_004.jpg,Y
3276,Below_CAM_Y_P1_003.jpg,Y
3277,Below_CAM_Y_P1_002.jpg,Y
3278,Below_CAM_Y_P1_001.jpg,Y
3279,Below_CAM_Z_P4_008.jpg,Z
3280,Below_CAM_Z_P4_007.jpg,Z
3281,Below_CAM_Z_P4_006.jpg,Z
3282,Below_CAM_Z_P4_005.jpg,Z
3283,Below_CAM_Z_P4_004.jpg,Z
3284,Below_CAM_Z_P4_003.jpg,Z
3285,Below_CAM_Z_P4_002.jpg,Z
3286,Below_CAM_Z_P4_001.jpg,Z
3287,Below_CAM_Z_P3_008.jpg,Z
3288,Below_CAM_Z_P3_007.jpg,Z
3289,Below_CAM_Z_P3_006.jpg,Z
3290,Below_CAM_Z_P3_005.jpg,Z
3291,Below_CAM_Z_P3_004.jpg,Z
3292,Below_CAM_Z_P3_003.jpg,Z
3293,Below_CAM_Z_P3_002.jpg,Z
3294,Below_CAM_Z_P3_001.jpg,Z
3295,Below_CAM_Z_P2_008.jpg,Z
3296,Below_CAM_Z_P2_007.jpg,Z
3297,Below_CAM_Z_P2_006.jpg,Z
3298,Below_CAM_Z_P2_005.jpg,Z
3299,Below_CAM_Z_P2_004.jpg,Z
3300,Below_CAM_Z_P2_003.jpg,Z
3301,Below_CAM_Z_P2_002.jpg,Z
3302,Below_CAM_Z_P2_001.jpg,Z
3303,Below_CAM_Z_P1_008.jpg,Z
3304,Below_CAM_Z_P1_007.jpg,Z
3305,Below_CAM_Z_P1_006.jpg,Z
3306,Below_CAM_Z_P1_005.jpg,Z
3307,Below_CAM_Z_P1_004.jpg,Z
3308,Below_CAM_Z_P1_003.jpg,Z
3309,Below_CAM_Z_P1_002.jpg,Z
3310,Below_CAM_Z_P1_001.jpg,Z
